case_id,family,flags,forecast_residual,harmonic_screen_score,heldout_rmse,split
derd_geometric:000,derd_geometric,[],0.3331486973472816,0.538681048673426,0.01395242929587281,holdout
derd_geometric:001,derd_geometric,['RESIDUE_PHASE_CONSTRAINT_WEAK'],0.34546878476904697,1.5038802339699109,0.03130370628978681,holdout
derd_geometric:002,derd_geometric,"['RESIDUE_SIGN_CONSTRAINT_FAILED', 'RESIDUE_PHASE_CONSTRAINT_WEAK']",0.3382361884824272,1.2438964965538826,0.01879450208039809,holdout
derd_geometric:003,derd_geometric,['RESIDUE_PHASE_CONSTRAINT_WEAK'],0.2787246941488436,1.1020145789720999,0.014166160386522462,development
derd_geometric:004,derd_geometric,[],0.30525271136170096,0.5250899999742926,0.01582905565591626,holdout
derd_geometric:005,derd_geometric,"['RESIDUE_SIGN_CONSTRAINT_FAILED', 'RESIDUE_PHASE_CONSTRAINT_WEAK']",0.2662592150501476,1.019188744621886,0.01350700757887086,development
derd_geometric:006,derd_geometric,[],0.22679129164048628,0.49305453208053407,0.020903132736065148,development
derd_geometric:007,derd_geometric,[],0.263329179662244,0.2769951576859014,0.01123290539148706,development
derd_geometric:008,derd_geometric,[],0.13195278460788404,0.17908046308812506,0.009811465763143314,development
derd_geometric:009,derd_geometric,"['RESIDUE_SIGN_CONSTRAINT_FAILED', 'RESIDUE_PHASE_CONSTRAINT_WEAK']",0.19172687592287452,1.0214675839741005,0.009486420494339549,development
derd_geometric:010,derd_geometric,['RESIDUE_PHASE_CONSTRAINT_WEAK'],0.1927770210342995,0.546971308474756,0.01585742297786203,development
derd_geometric:011,derd_geometric,['RESIDUE_SIGN_CONSTRAINT_FAILED'],0.18819545270817511,0.7836091380383519,0.016204447846371088,development
derd_geometric:012,derd_geometric,"['RESIDUE_SIGN_CONSTRAINT_FAILED', 'RESIDUE_PHASE_CONSTRAINT_WEAK']",0.1504357168932384,1.0220800634645657,0.021518549379263403,holdout
derd_geometric:013,derd_geometric,['RESIDUE_PHASE_CONSTRAINT_WEAK'],0.2454017845630259,0.7579730174225295,0.015072046547835545,development
derd_geometric:014,derd_geometric,['RESIDUE_PHASE_CONSTRAINT_WEAK'],0.2592638053261299,1.3537223215397838,0.049036961054478544,development
derd_geometric:015,derd_geometric,"['RESIDUE_SIGN_CONSTRAINT_FAILED', 'RESIDUE_PHASE_CONSTRAINT_WEAK']",0.49257374465119713,1.39204098913592,0.02050695394157365,development
derd_geometric:016,derd_geometric,"['RESIDUE_SIGN_CONSTRAINT_FAILED', 'RESIDUE_PHASE_CONSTRAINT_WEAK']",0.13224834126113474,0.8149978210798663,0.009979268781879068,development
derd_geometric:017,derd_geometric,['RESIDUE_PHASE_CONSTRAINT_WEAK'],0.16715178487350443,0.4081858858211309,0.012020078898829844,development
derd_geometric:018,derd_geometric,"['ROOT_OUTSIDE_PHYSICAL_Q_DOMAIN', 'RESIDUE_PHASE_CONSTRAINT_WEAK', 'AMPLITUDE_RATIO_EXTREME']",0.21772905178278773,5.168362704777595,0.01735462428048306,holdout
derd_geometric:019,derd_geometric,"['RESIDUE_SIGN_CONSTRAINT_FAILED', 'RESIDUE_PHASE_CONSTRAINT_WEAK']",0.2347013670379629,1.8880858925514181,0.03020254747903177,holdout
derd_geometric:020,derd_geometric,['RESIDUE_PHASE_CONSTRAINT_WEAK'],0.17311949246936176,0.5122588379163586,0.034729025923150046,development
derd_geometric:021,derd_geometric,['RESIDUE_PHASE_CONSTRAINT_WEAK'],0.11353699732324551,1.3882078539641831,0.014863214408716026,development
derd_geometric:022,derd_geometric,['RESIDUE_PHASE_CONSTRAINT_WEAK'],0.44505568879433177,0.7229171747997652,0.01884122251273968,holdout
derd_geometric:023,derd_geometric,['RESIDUE_PHASE_CONSTRAINT_WEAK'],0.2685394174628519,0.6092489743552527,0.0139186859032188,development
derd_geometric:024,derd_geometric,['RESIDUE_PHASE_CONSTRAINT_WEAK'],0.5302713316312695,0.7973140290028219,0.017609088700987634,development
derd_geometric:025,derd_geometric,"['ROOT_OUTSIDE_PHYSICAL_Q_DOMAIN', 'RESIDUE_PHASE_CONSTRAINT_WEAK', 'AMPLITUDE_RATIO_EXTREME']",0.26543174122620644,9.862376788111987,0.01455341049472623,holdout
derd_geometric:026,derd_geometric,['RESIDUE_PHASE_CONSTRAINT_WEAK'],0.10329634579477827,0.8333765197077285,0.009016915334577453,development
derd_geometric:027,derd_geometric,[],0.2546413314029149,0.33237728674104433,0.014089501830225488,holdout
derd_geometric:028,derd_geometric,"['ROOT_OUTSIDE_PHYSICAL_Q_DOMAIN', 'RESIDUE_PHASE_CONSTRAINT_WEAK', 'AMPLITUDE_RATIO_EXTREME']",0.1388302650807981,25.770670475717516,0.019443452712306717,development
derd_geometric:029,derd_geometric,['RESIDUE_PHASE_CONSTRAINT_WEAK'],0.28547320215941785,1.2947992888990036,0.013546157023594733,holdout
generic_fourier:000,generic_fourier,"['ROOT_OUTSIDE_PHYSICAL_Q_DOMAIN', 'RESIDUE_SIGN_CONSTRAINT_FAILED', 'RESIDUE_PHASE_CONSTRAINT_WEAK', 'AMPLITUDE_RATIO_EXTREME']",1.0389897671368515,14.248560847219668,0.09354851142767737,development
generic_fourier:001,generic_fourier,"['ROOT_OUTSIDE_PHYSICAL_Q_DOMAIN', 'RESIDUE_SIGN_CONSTRAINT_FAILED', 'RESIDUE_PHASE_CONSTRAINT_WEAK', 'AMPLITUDE_RATIO_EXTREME']",0.9945802961737212,10.119861833988201,0.12291432055649527,holdout
generic_fourier:002,generic_fourier,"['RESIDUE_SIGN_CONSTRAINT_FAILED', 'RESIDUE_PHASE_CONSTRAINT_WEAK']",1.298786054391591,2.799321694821644,0.06050501407722211,development
generic_fourier:003,generic_fourier,"['ROOT_OUTSIDE_PHYSICAL_Q_DOMAIN', 'RESIDUE_SIGN_CONSTRAINT_FAILED', 'RESIDUE_PHASE_CONSTRAINT_WEAK', 'AMPLITUDE_RATIO_EXTREME']",1.8873574993654831,6.553846264454815,0.08342754667166946,development
generic_fourier:004,generic_fourier,['RESIDUE_PHASE_CONSTRAINT_WEAK'],0.8261541058469385,2.1709497832225,0.21715738046422417,holdout
generic_fourier:005,generic_fourier,['RESIDUE_PHASE_CONSTRAINT_WEAK'],1.077517024630737,2.460526916151132,0.5405469998025774,holdout
generic_fourier:006,generic_fourier,"['ROOT_OUTSIDE_PHYSICAL_Q_DOMAIN', 'RESIDUE_PHASE_CONSTRAINT_WEAK', 'AMPLITUDE_RATIO_EXTREME']",1.709277547418493,7.2306012243897655,0.14241160882634352,development
generic_fourier:007,generic_fourier,"['ROOT_OUTSIDE_PHYSICAL_Q_DOMAIN', 'RESIDUE_SIGN_CONSTRAINT_FAILED', 'RESIDUE_PHASE_CONSTRAINT_WEAK', 'AMPLITUDE_RATIO_EXTREME']",1.2818604027142642,4.701294902155923,0.07502084102626903,development
generic_fourier:008,generic_fourier,"['RESIDUE_SIGN_CONSTRAINT_FAILED', 'RESIDUE_PHASE_CONSTRAINT_WEAK']",1.1399976124439406,2.898499447767134,0.14562826601399897,development
generic_fourier:009,generic_fourier,"['RESIDUE_SIGN_CONSTRAINT_FAILED', 'RESIDUE_PHASE_CONSTRAINT_WEAK']",1.0893494797531889,3.004880181381466,0.4485208099093683,holdout
generic_fourier:010,generic_fourier,"['ROOT_OUTSIDE_PHYSICAL_Q_DOMAIN', 'RESIDUE_SIGN_CONSTRAINT_FAILED', 'RESIDUE_PHASE_CONSTRAINT_WEAK', 'AMPLITUDE_RATIO_EXTREME']",1.046620791388255,4.431711100603172,0.3493407189526858,development
generic_fourier:011,generic_fourier,['RESIDUE_PHASE_CONSTRAINT_WEAK'],1.1009582865075394,2.3232191379756597,0.04894413426101208,development
generic_fourier:012,generic_fourier,"['RESIDUE_SIGN_CONSTRAINT_FAILED', 'RESIDUE_PHASE_CONSTRAINT_WEAK']",0.9462564159476352,2.641022212076487,0.2532813128362663,development
generic_fourier:013,generic_fourier,"['RESIDUE_SIGN_CONSTRAINT_FAILED', 'RESIDUE_PHASE_CONSTRAINT_WEAK']",0.794173254798167,2.14844190440356,0.11178521790283628,development
generic_fourier:014,generic_fourier,"['RESIDUE_SIGN_CONSTRAINT_FAILED', 'RESIDUE_PHASE_CONSTRAINT_WEAK']",0.9994100707713749,2.844949954017639,0.045006566825949924,development
generic_fourier:015,generic_fourier,"['ROOT_OUTSIDE_PHYSICAL_Q_DOMAIN', 'RESIDUE_SIGN_CONSTRAINT_FAILED', 'RESIDUE_PHASE_CONSTRAINT_WEAK', 'AMPLITUDE_RATIO_EXTREME']",1.2928594491331635,9.16622986169157,0.038926851110066704,development
generic_fourier:016,generic_fourier,"['ROOT_OUTSIDE_PHYSICAL_Q_DOMAIN', 'RESIDUE_PHASE_CONSTRAINT_WEAK']",2.908349194526291,4.082303133012268,0.28082636015453893,development
generic_fourier:017,generic_fourier,"['ROOT_OUTSIDE_PHYSICAL_Q_DOMAIN', 'RESIDUE_PHASE_CONSTRAINT_WEAK', 'AMPLITUDE_RATIO_EXTREME']",1.1853035756120573,5.886462676392871,0.16119714717408617,holdout
generic_fourier:018,generic_fourier,"['RESIDUE_SIGN_CONSTRAINT_FAILED', 'RESIDUE_PHASE_CONSTRAINT_WEAK']",1.8099245325526079,3.3436932123616896,0.17347787369891537,development
generic_fourier:019,generic_fourier,"['ROOT_OUTSIDE_PHYSICAL_Q_DOMAIN', 'RESIDUE_SIGN_CONSTRAINT_FAILED', 'RESIDUE_PHASE_CONSTRAINT_WEAK', 'AMPLITUDE_RATIO_EXTREME']",1.20721502268294,7.839891584888674,0.19877429933421276,development
generic_fourier:020,generic_fourier,['RESIDUE_PHASE_CONSTRAINT_WEAK'],1.087466252921352,2.0682516943897915,0.08903015940739926,development
generic_fourier:021,generic_fourier,['RESIDUE_PHASE_CONSTRAINT_WEAK'],0.9736669608402444,2.022744270128366,0.17892693328745857,development
generic_fourier:022,generic_fourier,['RESIDUE_PHASE_CONSTRAINT_WEAK'],2.352042050095823,2.9642577525057345,0.06754343811019942,holdout
generic_fourier:023,generic_fourier,['RESIDUE_PHASE_CONSTRAINT_WEAK'],1.1531770768222072,1.8614412548860402,0.1295013483485915,development
generic_fourier:024,generic_fourier,"['ROOT_OUTSIDE_PHYSICAL_Q_DOMAIN', 'RESIDUE_SIGN_CONSTRAINT_FAILED', 'RESIDUE_PHASE_CONSTRAINT_WEAK', 'AMPLITUDE_RATIO_EXTREME']",1.0031181682635522,5.132851301400794,0.28270283080898556,development
generic_fourier:025,generic_fourier,"['RESIDUE_SIGN_CONSTRAINT_FAILED', 'RESIDUE_PHASE_CONSTRAINT_WEAK']",1.861643661955405,3.299568504487956,0.21355115735359284,development
generic_fourier:026,generic_fourier,['RESIDUE_SIGN_CONSTRAINT_FAILED'],2.2019116223416284,3.5968804199961957,0.15719843465212252,development
generic_fourier:027,generic_fourier,['RESIDUE_PHASE_CONSTRAINT_WEAK'],1.1163790440314898,2.144289854023561,0.14658796535608623,holdout
generic_fourier:028,generic_fourier,['RESIDUE_PHASE_CONSTRAINT_WEAK'],1.1919377165318616,2.1570557439765827,0.058258322847589916,development
generic_fourier:029,generic_fourier,"['ROOT_OUTSIDE_PHYSICAL_Q_DOMAIN', 'RESIDUE_SIGN_CONSTRAINT_FAILED', 'RESIDUE_PHASE_CONSTRAINT_WEAK', 'AMPLITUDE_RATIO_EXTREME']",1.4677586700317053,12.853680927253288,0.18719090900381943,holdout
two_pole_transfer:000,two_pole_transfer,['RESIDUE_PHASE_CONSTRAINT_WEAK'],0.7179239900883638,1.3834426750904893,0.034298772209049526,development
two_pole_transfer:001,two_pole_transfer,"['RESIDUE_SIGN_CONSTRAINT_FAILED', 'RESIDUE_PHASE_CONSTRAINT_WEAK']",1.0408247761838998,2.96335629500153,0.10415822955788681,holdout
two_pole_transfer:002,two_pole_transfer,['RESIDUE_PHASE_CONSTRAINT_WEAK'],0.1660930685203227,0.4525647085350864,0.04659668244342278,development
two_pole_transfer:003,two_pole_transfer,['RESIDUE_PHASE_CONSTRAINT_WEAK'],0.6755542640122131,1.5790154896743318,0.06516605475853347,development
two_pole_transfer:004,two_pole_transfer,['RESIDUE_PHASE_CONSTRAINT_WEAK'],0.5191131542062016,1.4130139739372776,0.06137446078516824,development
two_pole_transfer:005,two_pole_transfer,"['RESIDUE_SIGN_CONSTRAINT_FAILED', 'RESIDUE_PHASE_CONSTRAINT_WEAK']",0.5188268434690048,2.3365070511936143,0.2592751361152359,development
two_pole_transfer:006,two_pole_transfer,"['RESIDUE_SIGN_CONSTRAINT_FAILED', 'RESIDUE_PHASE_CONSTRAINT_WEAK']",0.5239170440358383,2.089418016695639,0.01260503836475505,holdout
two_pole_transfer:007,two_pole_transfer,['RESIDUE_PHASE_CONSTRAINT_WEAK'],0.5827998793179253,0.9925355651142294,0.021253418748804858,development
two_pole_transfer:008,two_pole_transfer,['RESIDUE_PHASE_CONSTRAINT_WEAK'],0.654852210448616,1.825429802194159,0.06407712472208392,holdout
two_pole_transfer:009,two_pole_transfer,['RESIDUE_PHASE_CONSTRAINT_WEAK'],0.49407941394378824,1.6067172746022325,0.026562913474013773,development
two_pole_transfer:010,two_pole_transfer,"['ROOT_OUTSIDE_PHYSICAL_Q_DOMAIN', 'RESIDUE_PHASE_CONSTRAINT_WEAK', 'AMPLITUDE_RATIO_EXTREME']",0.2678102998503428,9.6339522380176,0.30464136962221056,development
two_pole_transfer:011,two_pole_transfer,"['RESIDUE_SIGN_CONSTRAINT_FAILED', 'RESIDUE_PHASE_CONSTRAINT_WEAK']",0.9451860312993717,2.8337223272561913,0.19152002068866236,development
two_pole_transfer:012,two_pole_transfer,['RESIDUE_PHASE_CONSTRAINT_WEAK'],0.1824244900857263,0.5545673020138736,0.04355739825237547,development
two_pole_transfer:013,two_pole_transfer,['RESIDUE_PHASE_CONSTRAINT_WEAK'],0.5070229231848765,1.5245184092728759,0.14612188402179674,development
two_pole_transfer:014,two_pole_transfer,"['RESIDUE_SIGN_CONSTRAINT_FAILED', 'RESIDUE_PHASE_CONSTRAINT_WEAK']",0.39183564940179444,1.880267555622611,0.05908039473807132,development
two_pole_transfer:015,two_pole_transfer,['RESIDUE_PHASE_CONSTRAINT_WEAK'],1.6542533994328534,2.7405301984370274,0.05799386150466197,holdout
two_pole_transfer:016,two_pole_transfer,['RESIDUE_SIGN_CONSTRAINT_FAILED'],0.22190965575713853,1.6580684276847362,0.019406337539041085,development
two_pole_transfer:017,two_pole_transfer,['RESIDUE_PHASE_CONSTRAINT_WEAK'],0.9678844262358385,2.3100382467979994,0.10454491365524175,holdout
two_pole_transfer:018,two_pole_transfer,['RESIDUE_PHASE_CONSTRAINT_WEAK'],0.526137673567583,1.7451898623431388,0.05008327477166566,development
two_pole_transfer:019,two_pole_transfer,"['RESIDUE_SIGN_CONSTRAINT_FAILED', 'RESIDUE_PHASE_CONSTRAINT_WEAK']",0.6155692781389224,1.9059598777697637,0.5654691395159862,development
two_pole_transfer:020,two_pole_transfer,"['RESIDUE_SIGN_CONSTRAINT_FAILED', 'RESIDUE_PHASE_CONSTRAINT_WEAK']",0.4158325720220923,2.122684802161905,0.09298344934395782,holdout
two_pole_transfer:021,two_pole_transfer,['RESIDUE_PHASE_CONSTRAINT_WEAK'],0.5312551352742428,1.5381998946419801,0.053285322407989985,holdout
two_pole_transfer:022,two_pole_transfer,"['RESIDUE_SIGN_CONSTRAINT_FAILED', 'RESIDUE_PHASE_CONSTRAINT_WEAK']",0.3435002402726326,2.083674923553543,0.028938813550339736,development
two_pole_transfer:023,two_pole_transfer,"['RESIDUE_SIGN_CONSTRAINT_FAILED', 'RESIDUE_PHASE_CONSTRAINT_WEAK']",1.00360255455054,2.9355921111761045,0.3479398697312512,development
two_pole_transfer:024,two_pole_transfer,['RESIDUE_PHASE_CONSTRAINT_WEAK'],0.8701973946618683,2.080114670516859,0.1404898382213306,development
two_pole_transfer:025,two_pole_transfer,['RESIDUE_PHASE_CONSTRAINT_WEAK'],1.006102359339569,2.3994526055523115,0.057545085375324725,development
two_pole_transfer:026,two_pole_transfer,['RESIDUE_PHASE_CONSTRAINT_WEAK'],0.8886138982324915,2.1066050591673693,0.04403455427178896,development
two_pole_transfer:027,two_pole_transfer,['RESIDUE_PHASE_CONSTRAINT_WEAK'],0.22928605971453597,0.8223487196279018,0.043277487651779536,development
two_pole_transfer:028,two_pole_transfer,"['ROOT_OUTSIDE_PHYSICAL_Q_DOMAIN', 'RESIDUE_SIGN_CONSTRAINT_FAILED', 'RESIDUE_PHASE_CONSTRAINT_WEAK', 'AMPLITUDE_RATIO_EXTREME']",1.0061766201893325,6.836281789626453,0.03973896696106973,development
two_pole_transfer:029,two_pole_transfer,['RESIDUE_PHASE_CONSTRAINT_WEAK'],0.37199572934585,1.8170553662163145,0.021975749747062883,development
radius_temperature_projection:000,radius_temperature_projection,"['RESIDUE_SIGN_CONSTRAINT_FAILED', 'RESIDUE_PHASE_CONSTRAINT_WEAK']",0.1860477973879908,2.114432049490542,0.013666604405015994,holdout
radius_temperature_projection:001,radius_temperature_projection,"['RESIDUE_SIGN_CONSTRAINT_FAILED', 'RESIDUE_PHASE_CONSTRAINT_WEAK']",0.15123557277290017,2.0074302729998426,0.013155837848892148,holdout
radius_temperature_projection:002,radius_temperature_projection,"['RESIDUE_SIGN_CONSTRAINT_FAILED', 'RESIDUE_PHASE_CONSTRAINT_WEAK']",0.18578759271660308,1.6357401954956905,0.015104048095450748,development
radius_temperature_projection:003,radius_temperature_projection,"['RESIDUE_SIGN_CONSTRAINT_FAILED', 'RESIDUE_PHASE_CONSTRAINT_WEAK']",0.19270614847521333,1.8857537333392675,0.01787706999650039,development
radius_temperature_projection:004,radius_temperature_projection,"['RESIDUE_SIGN_CONSTRAINT_FAILED', 'RESIDUE_PHASE_CONSTRAINT_WEAK']",0.1956524245963666,1.3343450798262306,0.06470927215380519,development
radius_temperature_projection:005,radius_temperature_projection,['RESIDUE_PHASE_CONSTRAINT_WEAK'],0.1429553752841146,1.3587830206732792,0.013965677981545148,holdout
radius_temperature_projection:006,radius_temperature_projection,"['RESIDUE_SIGN_CONSTRAINT_FAILED', 'RESIDUE_PHASE_CONSTRAINT_WEAK']",0.18894750183555792,1.6327738994651462,0.01312898311933388,development
radius_temperature_projection:007,radius_temperature_projection,['RESIDUE_SIGN_CONSTRAINT_FAILED'],0.23797069347234043,1.5915545387630634,0.015283111954436194,development
radius_temperature_projection:008,radius_temperature_projection,"['RESIDUE_SIGN_CONSTRAINT_FAILED', 'RESIDUE_PHASE_CONSTRAINT_WEAK']",0.15853534940529673,2.0169498285963976,0.016229127546160845,development
radius_temperature_projection:009,radius_temperature_projection,"['RESIDUE_SIGN_CONSTRAINT_FAILED', 'RESIDUE_PHASE_CONSTRAINT_WEAK']",0.20495933885130627,1.848519564002284,0.011194189980243035,development
radius_temperature_projection:010,radius_temperature_projection,"['RESIDUE_SIGN_CONSTRAINT_FAILED', 'RESIDUE_PHASE_CONSTRAINT_WEAK']",0.12054228916079254,1.9941489033778061,0.012638905626865576,development
radius_temperature_projection:011,radius_temperature_projection,[],0.22172049141736366,0.3284045140362622,0.012596111569692462,development
radius_temperature_projection:012,radius_temperature_projection,"['RESIDUE_SIGN_CONSTRAINT_FAILED', 'RESIDUE_PHASE_CONSTRAINT_WEAK']",0.1503263036231758,1.8326082389353118,0.012807441361428678,holdout
radius_temperature_projection:013,radius_temperature_projection,"['RESIDUE_SIGN_CONSTRAINT_FAILED', 'RESIDUE_PHASE_CONSTRAINT_WEAK']",0.11539536073911957,1.8934776444203556,0.024092206081389327,development
radius_temperature_projection:014,radius_temperature_projection,"['RESIDUE_SIGN_CONSTRAINT_FAILED', 'RESIDUE_PHASE_CONSTRAINT_WEAK']",0.15187563668535856,2.122825161972021,0.011480365144269691,development
radius_temperature_projection:015,radius_temperature_projection,['RESIDUE_PHASE_CONSTRAINT_WEAK'],0.20202189523838945,1.0460003471775248,0.013653889706772037,development
radius_temperature_projection:016,radius_temperature_projection,"['RESIDUE_SIGN_CONSTRAINT_FAILED', 'RESIDUE_PHASE_CONSTRAINT_WEAK']",0.19929741774055776,1.2850713207610933,0.05680474570648009,development
radius_temperature_projection:017,radius_temperature_projection,['RESIDUE_PHASE_CONSTRAINT_WEAK'],0.19596924384972825,1.3913970196329888,0.011215746378127046,development
radius_temperature_projection:018,radius_temperature_projection,"['RESIDUE_SIGN_CONSTRAINT_FAILED', 'RESIDUE_PHASE_CONSTRAINT_WEAK']",0.13436442162866902,1.2179586561492948,0.017695804391888222,development
radius_temperature_projection:019,radius_temperature_projection,"['RESIDUE_SIGN_CONSTRAINT_FAILED', 'RESIDUE_PHASE_CONSTRAINT_WEAK']",0.22410916782215154,1.176712812030537,0.06551584784905633,development
radius_temperature_projection:020,radius_temperature_projection,"['RESIDUE_SIGN_CONSTRAINT_FAILED', 'RESIDUE_PHASE_CONSTRAINT_WEAK']",0.2813894687749957,1.9545586484049795,0.018056479412738892,development
radius_temperature_projection:021,radius_temperature_projection,['RESIDUE_PHASE_CONSTRAINT_WEAK'],0.17890739627948954,1.3175781647967693,0.02460329689917267,holdout
radius_temperature_projection:022,radius_temperature_projection,"['RESIDUE_SIGN_CONSTRAINT_FAILED', 'RESIDUE_PHASE_CONSTRAINT_WEAK']",0.15873817581522706,2.005464552468247,0.013680268485440933,holdout
radius_temperature_projection:023,radius_temperature_projection,"['RESIDUE_SIGN_CONSTRAINT_FAILED', 'RESIDUE_PHASE_CONSTRAINT_WEAK']",0.16640673098972733,1.7850749282796006,0.03755276271148102,development
radius_temperature_projection:024,radius_temperature_projection,['RESIDUE_PHASE_CONSTRAINT_WEAK'],0.1954177128003651,1.662615648752348,0.03942466421995073,holdout
radius_temperature_projection:025,radius_temperature_projection,['RESIDUE_PHASE_CONSTRAINT_WEAK'],0.24088633649124636,1.5969418129113704,0.017779225205088085,development
radius_temperature_projection:026,radius_temperature_projection,"['RESIDUE_SIGN_CONSTRAINT_FAILED', 'RESIDUE_PHASE_CONSTRAINT_WEAK']",0.15179136364756576,1.7267711702147064,0.038066551445494826,development
radius_temperature_projection:027,radius_temperature_projection,"['RESIDUE_SIGN_CONSTRAINT_FAILED', 'RESIDUE_PHASE_CONSTRAINT_WEAK']",0.2405734432367802,1.6590368124898147,0.0308077761959117,development
radius_temperature_projection:028,radius_temperature_projection,['RESIDUE_PHASE_CONSTRAINT_WEAK'],0.15820849296982148,1.5556641461415133,0.01834312421937681,holdout
radius_temperature_projection:029,radius_temperature_projection,"['RESIDUE_SIGN_CONSTRAINT_FAILED', 'RESIDUE_PHASE_CONSTRAINT_WEAK']",0.17821901574545332,1.8574441321616153,0.017120718750412788,development
vdp_hydrodynamic_surrogate:000,vdp_hydrodynamic_surrogate,['RESIDUE_PHASE_CONSTRAINT_WEAK'],0.9527606754362969,2.3549183866511516,0.04317373567662293,development
vdp_hydrodynamic_surrogate:001,vdp_hydrodynamic_surrogate,['RESIDUE_PHASE_CONSTRAINT_WEAK'],0.9103655145876806,2.2557682686841525,0.06620144437453229,development
vdp_hydrodynamic_surrogate:002,vdp_hydrodynamic_surrogate,['RESIDUE_PHASE_CONSTRAINT_WEAK'],0.6763054617691525,1.9320599317162948,0.05345655782112188,development
vdp_hydrodynamic_surrogate:003,vdp_hydrodynamic_surrogate,['RESIDUE_PHASE_CONSTRAINT_WEAK'],0.9599541479342293,2.3627216943507494,0.15500802608141764,development
vdp_hydrodynamic_surrogate:004,vdp_hydrodynamic_surrogate,['RESIDUE_PHASE_CONSTRAINT_WEAK'],0.9596406480100278,2.3788297468440374,0.15388662545717124,development
vdp_hydrodynamic_surrogate:005,vdp_hydrodynamic_surrogate,['RESIDUE_PHASE_CONSTRAINT_WEAK'],0.5698477065143681,1.8328046297872669,0.07957715279716347,development
vdp_hydrodynamic_surrogate:006,vdp_hydrodynamic_surrogate,['RESIDUE_PHASE_CONSTRAINT_WEAK'],0.9552714558553125,2.36655870030916,0.12516036273209336,development
vdp_hydrodynamic_surrogate:007,vdp_hydrodynamic_surrogate,['RESIDUE_PHASE_CONSTRAINT_WEAK'],0.5488642558448703,1.8176310772287694,0.03942763909364036,development
vdp_hydrodynamic_surrogate:008,vdp_hydrodynamic_surrogate,['RESIDUE_PHASE_CONSTRAINT_WEAK'],0.9517014404750529,2.3631063475894085,0.07891145656686246,development
vdp_hydrodynamic_surrogate:009,vdp_hydrodynamic_surrogate,['RESIDUE_PHASE_CONSTRAINT_WEAK'],0.9317934382591924,2.2893999790695414,0.2185150331660076,development
vdp_hydrodynamic_surrogate:010,vdp_hydrodynamic_surrogate,['RESIDUE_PHASE_CONSTRAINT_WEAK'],0.2494007301995614,1.420822951417404,0.03745107616408455,development
vdp_hydrodynamic_surrogate:011,vdp_hydrodynamic_surrogate,['RESIDUE_PHASE_CONSTRAINT_WEAK'],0.5141050912799078,1.76552323449942,0.02619494394414949,holdout
vdp_hydrodynamic_surrogate:012,vdp_hydrodynamic_surrogate,['RESIDUE_PHASE_CONSTRAINT_WEAK'],0.1918281060268406,1.3751121913724145,0.02780849749892491,holdout
vdp_hydrodynamic_surrogate:013,vdp_hydrodynamic_surrogate,['RESIDUE_PHASE_CONSTRAINT_WEAK'],0.3140103612515352,1.4575420464822608,0.031701927292397444,holdout
vdp_hydrodynamic_surrogate:014,vdp_hydrodynamic_surrogate,['RESIDUE_PHASE_CONSTRAINT_WEAK'],0.9649522168582816,2.3728784793285937,0.12834895465794527,development
vdp_hydrodynamic_surrogate:015,vdp_hydrodynamic_surrogate,['RESIDUE_PHASE_CONSTRAINT_WEAK'],0.1901824947406196,1.3350890035388978,0.03299668100394028,holdout
vdp_hydrodynamic_surrogate:016,vdp_hydrodynamic_surrogate,['RESIDUE_PHASE_CONSTRAINT_WEAK'],0.6427640100879436,1.9115273976149503,0.06271957501917981,holdout
vdp_hydrodynamic_surrogate:017,vdp_hydrodynamic_surrogate,['RESIDUE_PHASE_CONSTRAINT_WEAK'],0.9554914373090294,2.3660281241205676,0.23518916717098437,holdout
vdp_hydrodynamic_surrogate:018,vdp_hydrodynamic_surrogate,['RESIDUE_PHASE_CONSTRAINT_WEAK'],0.32288041839290654,1.4458727861325016,0.04024097990568369,holdout
vdp_hydrodynamic_surrogate:019,vdp_hydrodynamic_surrogate,['RESIDUE_PHASE_CONSTRAINT_WEAK'],0.615527684521411,1.865857802446225,0.05329526072745672,development
vdp_hydrodynamic_surrogate:020,vdp_hydrodynamic_surrogate,['RESIDUE_PHASE_CONSTRAINT_WEAK'],0.17668459945982268,1.3538919594100418,0.0808426970110973,holdout
vdp_hydrodynamic_surrogate:021,vdp_hydrodynamic_surrogate,['RESIDUE_PHASE_CONSTRAINT_WEAK'],0.9672653211743415,2.385412923533367,0.12881539184726776,holdout
vdp_hydrodynamic_surrogate:022,vdp_hydrodynamic_surrogate,['RESIDUE_PHASE_CONSTRAINT_WEAK'],0.6135417878172046,1.8907514746680139,0.037517909061966385,development
vdp_hydrodynamic_surrogate:023,vdp_hydrodynamic_surrogate,['RESIDUE_PHASE_CONSTRAINT_WEAK'],0.9397775955781943,2.2933901709646443,0.046345696143300114,development
vdp_hydrodynamic_surrogate:024,vdp_hydrodynamic_surrogate,['RESIDUE_PHASE_CONSTRAINT_WEAK'],0.9293169254455614,2.278792722749096,0.026039828110063657,holdout
vdp_hydrodynamic_surrogate:025,vdp_hydrodynamic_surrogate,['RESIDUE_PHASE_CONSTRAINT_WEAK'],0.14361878617859153,1.248478845387046,0.04679975599626307,development
vdp_hydrodynamic_surrogate:026,vdp_hydrodynamic_surrogate,['RESIDUE_PHASE_CONSTRAINT_WEAK'],0.9427504583878843,2.302834992168003,0.1483775050411571,holdout
vdp_hydrodynamic_surrogate:027,vdp_hydrodynamic_surrogate,['RESIDUE_PHASE_CONSTRAINT_WEAK'],0.9448483511721882,2.30919575010335,0.10522291686620387,development
vdp_hydrodynamic_surrogate:028,vdp_hydrodynamic_surrogate,['RESIDUE_PHASE_CONSTRAINT_WEAK'],0.9707855686918607,2.3886879913403516,0.14496730510114833,development
vdp_hydrodynamic_surrogate:029,vdp_hydrodynamic_surrogate,['RESIDUE_PHASE_CONSTRAINT_WEAK'],0.9384503484721926,2.2965409689562835,0.07907382047494714,development
two_zone_surrogate:000,two_zone_surrogate,['RESIDUE_PHASE_CONSTRAINT_WEAK'],0.8032744944683003,1.8911407015404618,0.07343691478578208,development
two_zone_surrogate:001,two_zone_surrogate,['RESIDUE_PHASE_CONSTRAINT_WEAK'],0.3289494250917935,0.6945635895181588,0.03276055361206379,development
two_zone_surrogate:002,two_zone_surrogate,['RESIDUE_PHASE_CONSTRAINT_WEAK'],1.0711730130557875,2.22914546292973,0.18647111599799532,development
two_zone_surrogate:003,two_zone_surrogate,[],0.967789429056069,1.30704062952728,0.08528252792193586,development
two_zone_surrogate:004,two_zone_surrogate,['RESIDUE_PHASE_CONSTRAINT_WEAK'],0.9020453118308047,2.1037907642113143,0.09578122274405187,holdout
two_zone_surrogate:005,two_zone_surrogate,['RESIDUE_PHASE_CONSTRAINT_WEAK'],1.2473521975738486,1.6979386910690284,0.06984903715300168,development
two_zone_surrogate:006,two_zone_surrogate,['RESIDUE_PHASE_CONSTRAINT_WEAK'],0.8262701859691204,1.492248090894276,0.09465765670380259,development
two_zone_surrogate:007,two_zone_surrogate,['RESIDUE_PHASE_CONSTRAINT_WEAK'],0.9787795540779008,1.6946588074616973,0.08497907974437179,holdout
two_zone_surrogate:008,two_zone_surrogate,['RESIDUE_PHASE_CONSTRAINT_WEAK'],0.9533724294769941,2.1299243226634124,0.01918542098903384,development
two_zone_surrogate:009,two_zone_surrogate,[],0.6703287562444425,0.9988512084791865,0.07683063115447471,development
two_zone_surrogate:010,two_zone_surrogate,[],0.22303494710308155,0.4041837681301794,0.016153199321772744,development
two_zone_surrogate:011,two_zone_surrogate,['RESIDUE_PHASE_CONSTRAINT_WEAK'],0.8828967136951985,1.813788506370347,0.030143316981316552,development
two_zone_surrogate:012,two_zone_surrogate,['RESIDUE_PHASE_CONSTRAINT_WEAK'],0.9965664616123284,2.202480618148939,0.04357512903588099,development
two_zone_surrogate:013,two_zone_surrogate,['RESIDUE_PHASE_CONSTRAINT_WEAK'],0.9299082826389776,1.5264240177667507,0.030092397958583775,development
two_zone_surrogate:014,two_zone_surrogate,[],0.8630565060239684,0.9363459932787214,0.03162194446617542,holdout
two_zone_surrogate:015,two_zone_surrogate,['RESIDUE_PHASE_CONSTRAINT_WEAK'],0.9643945964119033,2.166778321068491,0.37975162974672455,development
two_zone_surrogate:016,two_zone_surrogate,['RESIDUE_PHASE_CONSTRAINT_WEAK'],0.9839436808112286,2.4607074728297307,0.28621415111506165,holdout
two_zone_surrogate:017,two_zone_surrogate,[],0.21533561185614508,0.5074975024991052,0.034700127784151345,development
two_zone_surrogate:018,two_zone_surrogate,['RESIDUE_PHASE_CONSTRAINT_WEAK'],0.6027837961492424,1.829728358167449,0.23899723961638933,holdout
two_zone_surrogate:019,two_zone_surrogate,['RESIDUE_PHASE_CONSTRAINT_WEAK'],0.8767232973304316,2.3552660362612854,0.25812733215151196,development
two_zone_surrogate:020,two_zone_surrogate,"['RESIDUE_SIGN_CONSTRAINT_FAILED', 'RESIDUE_PHASE_CONSTRAINT_WEAK']",1.0013000519567639,2.9950410184769165,0.04327992753337948,development
two_zone_surrogate:021,two_zone_surrogate,['RESIDUE_PHASE_CONSTRAINT_WEAK'],0.26819394252173534,1.72817056253426,0.03296308592506935,development
two_zone_surrogate:022,two_zone_surrogate,['RESIDUE_PHASE_CONSTRAINT_WEAK'],0.30937709160758453,1.7679243662408795,0.024127955528042977,development
two_zone_surrogate:023,two_zone_surrogate,['RESIDUE_PHASE_CONSTRAINT_WEAK'],0.897891686354815,1.4694099363170499,0.03635758608895993,development
two_zone_surrogate:024,two_zone_surrogate,['RESIDUE_PHASE_CONSTRAINT_WEAK'],0.42689358112587517,1.319113313182943,0.17835519228029342,development
two_zone_surrogate:025,two_zone_surrogate,[],0.685922788236076,1.0176083580084836,0.0787122552043665,development
two_zone_surrogate:026,two_zone_surrogate,['RESIDUE_PHASE_CONSTRAINT_WEAK'],1.0526889296445423,2.24361145640295,0.08786052371591294,development
two_zone_surrogate:027,two_zone_surrogate,['RESIDUE_PHASE_CONSTRAINT_WEAK'],0.9276902530236246,2.3473447860668584,0.21931017519230905,holdout
two_zone_surrogate:028,two_zone_surrogate,['RESIDUE_PHASE_CONSTRAINT_WEAK'],0.26654871765497745,1.5846564788956468,0.0652227332732933,development
two_zone_surrogate:029,two_zone_surrogate,['RESIDUE_PHASE_CONSTRAINT_WEAK'],0.34781279398435505,1.570685815235488,0.02842758307761021,development
shock_modified:000,shock_modified,"['RESIDUE_SIGN_CONSTRAINT_FAILED', 'RESIDUE_PHASE_CONSTRAINT_WEAK']",0.6904476625063066,1.8253608978925693,0.0908094814814259,development
shock_modified:001,shock_modified,['RESIDUE_PHASE_CONSTRAINT_WEAK'],0.44510248185688045,1.4629365179199738,0.09259647232311435,development
shock_modified:002,shock_modified,"['ROOT_OUTSIDE_PHYSICAL_Q_DOMAIN', 'RESIDUE_SIGN_CONSTRAINT_FAILED', 'AMPLITUDE_RATIO_EXTREME']",1.8524511060404676,5.445932375751549,0.10217736808651429,development
shock_modified:003,shock_modified,['RESIDUE_PHASE_CONSTRAINT_WEAK'],0.4262531113835857,1.8131482342121612,0.04906959446904966,development
shock_modified:004,shock_modified,['RESIDUE_PHASE_CONSTRAINT_WEAK'],0.37573147686962016,1.6341714636226188,0.01887048386056351,development
shock_modified:005,shock_modified,['RESIDUE_PHASE_CONSTRAINT_WEAK'],0.9483930593407145,1.527631548812317,0.021641741005368687,development
shock_modified:006,shock_modified,['RESIDUE_PHASE_CONSTRAINT_WEAK'],0.769376860550478,1.7111427134547343,0.04657659203153919,development
shock_modified:007,shock_modified,"['ROOT_OUTSIDE_PHYSICAL_Q_DOMAIN', 'RESIDUE_SIGN_CONSTRAINT_FAILED', 'AMPLITUDE_RATIO_EXTREME']",0.7787939752005231,7.316837915080554,0.041731448545492024,development
shock_modified:008,shock_modified,"['RESIDUE_SIGN_CONSTRAINT_FAILED', 'RESIDUE_PHASE_CONSTRAINT_WEAK']",0.8956157747035614,2.601125101910509,0.1758341027537936,holdout
shock_modified:009,shock_modified,['RESIDUE_PHASE_CONSTRAINT_WEAK'],0.46693766972237144,1.525273569948842,0.02370968517941336,development
shock_modified:010,shock_modified,"['RESIDUE_SIGN_CONSTRAINT_FAILED', 'RESIDUE_PHASE_CONSTRAINT_WEAK']",0.9403371444158732,2.858177423041383,0.18424363503284702,development
shock_modified:011,shock_modified,"['ROOT_OUTSIDE_PHYSICAL_Q_DOMAIN', 'RESIDUE_SIGN_CONSTRAINT_FAILED', 'RESIDUE_PHASE_CONSTRAINT_WEAK', 'AMPLITUDE_RATIO_EXTREME']",0.3914123555708959,5.203715605710314,0.03932251147195696,development
shock_modified:012,shock_modified,['RESIDUE_PHASE_CONSTRAINT_WEAK'],0.274510904958734,1.2212975797270296,0.08963031926588458,development
shock_modified:013,shock_modified,['RESIDUE_PHASE_CONSTRAINT_WEAK'],0.21954582210618395,0.7223853785980197,0.11020031585740796,holdout
shock_modified:014,shock_modified,['RESIDUE_PHASE_CONSTRAINT_WEAK'],0.6558108605192037,1.7486948435069785,0.11807984142413727,holdout
shock_modified:015,shock_modified,['RESIDUE_PHASE_CONSTRAINT_WEAK'],1.0138533311263114,1.5772953685419053,0.03593024435787936,holdout
shock_modified:016,shock_modified,['RESIDUE_PHASE_CONSTRAINT_WEAK'],1.1303973312345725,2.2120578738130137,0.02959783896347232,development
shock_modified:017,shock_modified,[],2.3821810551730382,2.757941111656348,0.029519399470362473,holdout
shock_modified:018,shock_modified,"['RESIDUE_SIGN_CONSTRAINT_FAILED', 'RESIDUE_PHASE_CONSTRAINT_WEAK']",0.9336907265774242,2.112278296814888,0.2441731501668951,development
shock_modified:019,shock_modified,['RESIDUE_PHASE_CONSTRAINT_WEAK'],0.9709780174984386,1.5349779199961486,0.1397863626300387,development
shock_modified:020,shock_modified,"['ROOT_OUTSIDE_PHYSICAL_Q_DOMAIN', 'RESIDUE_SIGN_CONSTRAINT_FAILED', 'RESIDUE_PHASE_CONSTRAINT_WEAK', 'AMPLITUDE_RATIO_EXTREME']",1.4360757370347825,8.991820764942126,0.1491904704994514,development
shock_modified:021,shock_modified,['RESIDUE_PHASE_CONSTRAINT_WEAK'],0.9513191623758085,2.2558769589221472,0.13112908061855372,holdout
shock_modified:022,shock_modified,"['RESIDUE_SIGN_CONSTRAINT_FAILED', 'RESIDUE_PHASE_CONSTRAINT_WEAK']",0.2915446573524904,2.040116935055275,0.03003450728038279,development
shock_modified:023,shock_modified,"['RESIDUE_SIGN_CONSTRAINT_FAILED', 'RESIDUE_PHASE_CONSTRAINT_WEAK']",0.9381905134844722,2.212009087223576,0.14489987735770363,holdout
shock_modified:024,shock_modified,"['ROOT_OUTSIDE_PHYSICAL_Q_DOMAIN', 'RESIDUE_PHASE_CONSTRAINT_WEAK', 'AMPLITUDE_RATIO_EXTREME']",1.1861960002500695,5.151093518218066,0.08026718766034244,development
shock_modified:025,shock_modified,['RESIDUE_PHASE_CONSTRAINT_WEAK'],0.6410005758440114,1.4829659304146354,0.15145161310638985,holdout
shock_modified:026,shock_modified,['RESIDUE_PHASE_CONSTRAINT_WEAK'],0.7626680325103308,1.2564935738382477,0.018673786644680647,holdout
shock_modified:027,shock_modified,"['ROOT_OUTSIDE_PHYSICAL_Q_DOMAIN', 'RESIDUE_PHASE_CONSTRAINT_WEAK', 'AMPLITUDE_RATIO_EXTREME']",1.5838232701262487,4.611253348839185,0.05154279888172652,development
shock_modified:028,shock_modified,['RESIDUE_SIGN_CONSTRAINT_FAILED'],1.6725089733357754,2.3862270339781473,0.10533439435543611,holdout
shock_modified:029,shock_modified,"['ROOT_OUTSIDE_PHYSICAL_Q_DOMAIN', 'AMPLITUDE_RATIO_EXTREME']",1.2135189442630279,56.70613619154346,0.02342610011863525,development
tidal_kepler_response:000,tidal_kepler_response,"['ROOT_OUTSIDE_PHYSICAL_Q_DOMAIN', 'RESIDUE_SIGN_CONSTRAINT_FAILED', 'AMPLITUDE_RATIO_EXTREME']",0.3021483671798721,15.247725945024358,0.1029088486790383,development
tidal_kepler_response:001,tidal_kepler_response,['RESIDUE_PHASE_CONSTRAINT_WEAK'],0.2747026084717163,0.6420094729439216,0.2043521209716597,development
tidal_kepler_response:002,tidal_kepler_response,"['RESIDUE_SIGN_CONSTRAINT_FAILED', 'RESIDUE_PHASE_CONSTRAINT_WEAK']",0.7466496652434804,2.401968330148499,0.077232454632949,holdout
tidal_kepler_response:003,tidal_kepler_response,"['RESIDUE_SIGN_CONSTRAINT_FAILED', 'RESIDUE_PHASE_CONSTRAINT_WEAK']",0.9776234928794822,2.500004988734158,0.3122943880639619,holdout
tidal_kepler_response:004,tidal_kepler_response,"['RESIDUE_SIGN_CONSTRAINT_FAILED', 'RESIDUE_PHASE_CONSTRAINT_WEAK']",0.5133892211999933,2.2201165651854953,0.015443432821599901,development
tidal_kepler_response:005,tidal_kepler_response,"['RESIDUE_SIGN_CONSTRAINT_FAILED', 'RESIDUE_PHASE_CONSTRAINT_WEAK']",0.9048904765737306,1.998797867876815,0.02134499275604391,holdout
tidal_kepler_response:006,tidal_kepler_response,['RESIDUE_SIGN_CONSTRAINT_FAILED'],0.9649352226287998,2.429461908464514,0.0171436982350267,development
tidal_kepler_response:007,tidal_kepler_response,"['ROOT_OUTSIDE_PHYSICAL_Q_DOMAIN', 'RESIDUE_PHASE_CONSTRAINT_WEAK', 'AMPLITUDE_RATIO_EXTREME']",0.25005228026556264,25.147625353516265,0.1440521877547821,development
tidal_kepler_response:008,tidal_kepler_response,"['ROOT_OUTSIDE_PHYSICAL_Q_DOMAIN', 'RESIDUE_PHASE_CONSTRAINT_WEAK', 'AMPLITUDE_RATIO_EXTREME']",0.21029634666242844,2.196460797799437,0.28040875212746136,holdout
tidal_kepler_response:009,tidal_kepler_response,"['RESIDUE_SIGN_CONSTRAINT_FAILED', 'RESIDUE_PHASE_CONSTRAINT_WEAK']",0.6488904730099109,2.1280846661750386,0.0457864331012552,holdout
tidal_kepler_response:010,tidal_kepler_response,['RESIDUE_SIGN_CONSTRAINT_FAILED'],0.6023421953600785,1.833494468588947,0.05869484754651592,development
tidal_kepler_response:011,tidal_kepler_response,"['RESIDUE_SIGN_CONSTRAINT_FAILED', 'RESIDUE_PHASE_CONSTRAINT_WEAK']",0.4397495724022972,1.4166015565638317,0.06486334306699469,development
tidal_kepler_response:012,tidal_kepler_response,"['RESIDUE_SIGN_CONSTRAINT_FAILED', 'RESIDUE_PHASE_CONSTRAINT_WEAK']",0.4598920821096511,1.5617955577013785,0.045841673209275124,development
tidal_kepler_response:013,tidal_kepler_response,"['RESIDUE_SIGN_CONSTRAINT_FAILED', 'RESIDUE_PHASE_CONSTRAINT_WEAK']",0.9272456754946761,2.40299124885492,0.28720889470997296,development
tidal_kepler_response:014,tidal_kepler_response,"['RESIDUE_SIGN_CONSTRAINT_FAILED', 'RESIDUE_PHASE_CONSTRAINT_WEAK', 'AMPLITUDE_RATIO_EXTREME']",0.31469163337326533,1.1536974011715888,0.040809572150576005,holdout
tidal_kepler_response:015,tidal_kepler_response,"['RESIDUE_SIGN_CONSTRAINT_FAILED', 'RESIDUE_PHASE_CONSTRAINT_WEAK']",0.5712132554720876,1.9856325759568565,0.03896520779495412,development
tidal_kepler_response:016,tidal_kepler_response,"['RESIDUE_SIGN_CONSTRAINT_FAILED', 'RESIDUE_PHASE_CONSTRAINT_WEAK']",1.174985144953854,2.796540785647281,0.05398993830231411,development
tidal_kepler_response:017,tidal_kepler_response,"['RESIDUE_SIGN_CONSTRAINT_FAILED', 'RESIDUE_PHASE_CONSTRAINT_WEAK']",0.1611420836937018,1.107819395502121,0.019364680795653445,development
tidal_kepler_response:018,tidal_kepler_response,['RESIDUE_SIGN_CONSTRAINT_FAILED'],0.8730095584757883,2.2609291536335667,0.015637990527598886,holdout
tidal_kepler_response:019,tidal_kepler_response,"['ROOT_OUTSIDE_PHYSICAL_Q_DOMAIN', 'RESIDUE_PHASE_CONSTRAINT_WEAK', 'AMPLITUDE_RATIO_EXTREME']",0.12451254403479152,17.52609073463393,0.027973501857418235,development
tidal_kepler_response:020,tidal_kepler_response,['RESIDUE_SIGN_CONSTRAINT_FAILED'],0.5722780709911871,2.0078968624985696,0.24875153468988703,development
tidal_kepler_response:021,tidal_kepler_response,['RESIDUE_PHASE_CONSTRAINT_WEAK'],0.17561534530104914,0.587757220479766,0.07392632687710184,development
tidal_kepler_response:022,tidal_kepler_response,['RESIDUE_SIGN_CONSTRAINT_FAILED'],0.23230145436848396,1.781482556458604,0.04258550382129808,development
tidal_kepler_response:023,tidal_kepler_response,"['RESIDUE_SIGN_CONSTRAINT_FAILED', 'RESIDUE_PHASE_CONSTRAINT_WEAK']",0.3178857739118618,1.9544272987627422,0.059438184876006744,development
tidal_kepler_response:024,tidal_kepler_response,"['RESIDUE_SIGN_CONSTRAINT_FAILED', 'RESIDUE_PHASE_CONSTRAINT_WEAK']",0.9049140490636602,2.5961857956064094,0.12388784393529534,development
tidal_kepler_response:025,tidal_kepler_response,['RESIDUE_SIGN_CONSTRAINT_FAILED'],0.12427322157299141,0.7586917314203115,0.031187611910530308,development
tidal_kepler_response:026,tidal_kepler_response,"['RESIDUE_SIGN_CONSTRAINT_FAILED', 'RESIDUE_PHASE_CONSTRAINT_WEAK']",0.7417352655286479,2.2563274828631568,0.20543711384462376,development
tidal_kepler_response:027,tidal_kepler_response,"['ROOT_OUTSIDE_PHYSICAL_Q_DOMAIN', 'RESIDUE_SIGN_CONSTRAINT_FAILED', 'AMPLITUDE_RATIO_EXTREME']",0.8867853569075176,11.564909322295614,0.0545641376967084,development
tidal_kepler_response:028,tidal_kepler_response,"['ROOT_OUTSIDE_PHYSICAL_Q_DOMAIN', 'RESIDUE_SIGN_CONSTRAINT_FAILED', 'RESIDUE_PHASE_CONSTRAINT_WEAK', 'AMPLITUDE_RATIO_EXTREME']",0.6435540886556966,3.20334296010938,0.019237846997304124,holdout
tidal_kepler_response:029,tidal_kepler_response,['RESIDUE_SIGN_CONSTRAINT_FAILED'],0.6192838907307893,2.218058099407166,0.022455390477484814,holdout
spot_rotation:000,spot_rotation,['RESIDUE_PHASE_CONSTRAINT_WEAK'],0.15888452851772822,1.292240349504363,0.01613373462554758,development
spot_rotation:001,spot_rotation,['RESIDUE_PHASE_CONSTRAINT_WEAK'],0.2139620283184005,1.6733750671959313,0.016766066996290154,development
spot_rotation:002,spot_rotation,"['RESIDUE_SIGN_CONSTRAINT_FAILED', 'RESIDUE_PHASE_CONSTRAINT_WEAK']",0.20282182373387508,1.952923946419233,0.014249895344590372,holdout
spot_rotation:003,spot_rotation,"['RESIDUE_SIGN_CONSTRAINT_FAILED', 'RESIDUE_PHASE_CONSTRAINT_WEAK']",0.2170638882712453,1.7419693500110494,0.015047163561135926,development
spot_rotation:004,spot_rotation,['RESIDUE_PHASE_CONSTRAINT_WEAK'],0.1724758161647066,1.6024523775172494,0.02136542438292589,development
spot_rotation:005,spot_rotation,['RESIDUE_PHASE_CONSTRAINT_WEAK'],0.20666293352168758,1.1353925211138358,0.019091807347710165,holdout
spot_rotation:006,spot_rotation,"['RESIDUE_SIGN_CONSTRAINT_FAILED', 'RESIDUE_PHASE_CONSTRAINT_WEAK']",0.12464150204911618,1.1593100604714235,0.026876237839796657,development
spot_rotation:007,spot_rotation,"['RESIDUE_SIGN_CONSTRAINT_FAILED', 'RESIDUE_PHASE_CONSTRAINT_WEAK']",0.11637884406963125,1.1437200891677317,0.06033562342915606,holdout
spot_rotation:008,spot_rotation,['RESIDUE_SIGN_CONSTRAINT_FAILED'],0.24003675821481626,1.0194429899732251,0.013308095082851393,development
spot_rotation:009,spot_rotation,"['RESIDUE_SIGN_CONSTRAINT_FAILED', 'RESIDUE_PHASE_CONSTRAINT_WEAK']",0.21677079280807882,1.671633453150148,0.011554527871740614,development
spot_rotation:010,spot_rotation,"['RESIDUE_SIGN_CONSTRAINT_FAILED', 'RESIDUE_PHASE_CONSTRAINT_WEAK']",0.17600032887450084,2.02082721091404,0.012359958998713791,development
spot_rotation:011,spot_rotation,"['RESIDUE_SIGN_CONSTRAINT_FAILED', 'RESIDUE_PHASE_CONSTRAINT_WEAK']",0.1857379106727138,1.7682896671723691,0.018380796926347292,development
spot_rotation:012,spot_rotation,"['RESIDUE_SIGN_CONSTRAINT_FAILED', 'RESIDUE_PHASE_CONSTRAINT_WEAK']",0.2617709532746926,1.7655366749369414,0.01593216802327077,development
spot_rotation:013,spot_rotation,"['RESIDUE_SIGN_CONSTRAINT_FAILED', 'RESIDUE_PHASE_CONSTRAINT_WEAK']",0.17293914777442174,1.9894905041794764,0.018293682560240044,development
spot_rotation:014,spot_rotation,"['RESIDUE_SIGN_CONSTRAINT_FAILED', 'RESIDUE_PHASE_CONSTRAINT_WEAK']",0.14743025386767386,1.8736984293110996,0.1011227425799332,development
spot_rotation:015,spot_rotation,"['RESIDUE_SIGN_CONSTRAINT_FAILED', 'RESIDUE_PHASE_CONSTRAINT_WEAK']",0.1292610066895928,1.8126461627398438,0.0180500647126004,development
spot_rotation:016,spot_rotation,"['RESIDUE_SIGN_CONSTRAINT_FAILED', 'RESIDUE_PHASE_CONSTRAINT_WEAK']",0.22480464315595694,1.9550017899851972,0.015998981406073132,development
spot_rotation:017,spot_rotation,['RESIDUE_SIGN_CONSTRAINT_FAILED'],0.15319032824753778,1.0271777098981263,0.008677697126986484,development
spot_rotation:018,spot_rotation,['RESIDUE_PHASE_CONSTRAINT_WEAK'],0.15185959585490055,1.6472359472766427,0.018426630239856055,development
spot_rotation:019,spot_rotation,"['ROOT_OUTSIDE_PHYSICAL_Q_DOMAIN', 'RESIDUE_PHASE_CONSTRAINT_WEAK', 'AMPLITUDE_RATIO_EXTREME']",0.2754504022859198,16.50412518953849,0.022835794885637837,development
spot_rotation:020,spot_rotation,"['RESIDUE_SIGN_CONSTRAINT_FAILED', 'RESIDUE_PHASE_CONSTRAINT_WEAK']",0.2022798698466447,1.2627469549032886,0.022787756124250946,development
spot_rotation:021,spot_rotation,"['RESIDUE_SIGN_CONSTRAINT_FAILED', 'RESIDUE_PHASE_CONSTRAINT_WEAK']",0.18075739528961016,1.170862318652151,0.013816002065718536,holdout
spot_rotation:022,spot_rotation,"['RESIDUE_SIGN_CONSTRAINT_FAILED', 'RESIDUE_PHASE_CONSTRAINT_WEAK']",0.17433564921297168,1.9379281838900955,0.0384829663480904,development
spot_rotation:023,spot_rotation,['RESIDUE_PHASE_CONSTRAINT_WEAK'],0.18028301897503893,0.7646490947809296,0.01674545512987267,development
spot_rotation:024,spot_rotation,"['RESIDUE_SIGN_CONSTRAINT_FAILED', 'RESIDUE_PHASE_CONSTRAINT_WEAK']",0.09882237678363322,1.7864319998754976,0.013254246294339028,development
spot_rotation:025,spot_rotation,['RESIDUE_PHASE_CONSTRAINT_WEAK'],0.14065310052785684,1.2848232060973144,0.014384933167478806,development
spot_rotation:026,spot_rotation,"['RESIDUE_SIGN_CONSTRAINT_FAILED', 'RESIDUE_PHASE_CONSTRAINT_WEAK']",0.12880921328838058,1.472950912599141,0.010948033033233218,development
spot_rotation:027,spot_rotation,"['RESIDUE_SIGN_CONSTRAINT_FAILED', 'RESIDUE_PHASE_CONSTRAINT_WEAK']",0.22281850589509697,2.084525963949323,0.014625317998085866,development
spot_rotation:028,spot_rotation,['RESIDUE_PHASE_CONSTRAINT_WEAK'],0.1253559190644437,1.321698624481748,0.028813438631061675,development
spot_rotation:029,spot_rotation,['RESIDUE_PHASE_CONSTRAINT_WEAK'],0.12957976859826434,1.6111906856899374,0.012654323107164462,development
cse_reprocessing:000,cse_reprocessing,['RESIDUE_PHASE_CONSTRAINT_WEAK'],0.14460520022816306,1.4058022380061268,0.010695382838506509,holdout
cse_reprocessing:001,cse_reprocessing,"['RESIDUE_SIGN_CONSTRAINT_FAILED', 'RESIDUE_PHASE_CONSTRAINT_WEAK']",0.2035465041578937,2.0185334641554666,0.047338316578309315,development
cse_reprocessing:002,cse_reprocessing,['RESIDUE_PHASE_CONSTRAINT_WEAK'],0.2536071976611677,1.2278728812832398,0.01518303927168297,development
cse_reprocessing:003,cse_reprocessing,"['RESIDUE_SIGN_CONSTRAINT_FAILED', 'RESIDUE_PHASE_CONSTRAINT_WEAK']",0.18092978854381153,2.0551594350662503,0.022093840230686834,development
cse_reprocessing:004,cse_reprocessing,"['RESIDUE_SIGN_CONSTRAINT_FAILED', 'RESIDUE_PHASE_CONSTRAINT_WEAK']",0.14854903747100093,1.6687221918728616,0.016579208581688945,development
cse_reprocessing:005,cse_reprocessing,"['RESIDUE_SIGN_CONSTRAINT_FAILED', 'RESIDUE_PHASE_CONSTRAINT_WEAK']",0.18935155436160855,2.11662433385834,0.039997384317504166,development
cse_reprocessing:006,cse_reprocessing,"['RESIDUE_SIGN_CONSTRAINT_FAILED', 'RESIDUE_PHASE_CONSTRAINT_WEAK']",0.11574939494494293,1.9028262674718066,0.017696390622107133,holdout
cse_reprocessing:007,cse_reprocessing,['RESIDUE_PHASE_CONSTRAINT_WEAK'],0.152555033191195,0.7877165371957737,0.013564645255919393,development
cse_reprocessing:008,cse_reprocessing,"['RESIDUE_SIGN_CONSTRAINT_FAILED', 'RESIDUE_PHASE_CONSTRAINT_WEAK']",0.16086779831304113,1.2751237211247362,0.016827911617437272,holdout
cse_reprocessing:009,cse_reprocessing,"['RESIDUE_SIGN_CONSTRAINT_FAILED', 'RESIDUE_PHASE_CONSTRAINT_WEAK']",0.18133291860776055,1.6522139540062382,0.015123563530456305,development
cse_reprocessing:010,cse_reprocessing,"['RESIDUE_SIGN_CONSTRAINT_FAILED', 'RESIDUE_PHASE_CONSTRAINT_WEAK']",0.26727570082299035,1.4784038741831862,0.013847206060694273,development
cse_reprocessing:011,cse_reprocessing,"['RESIDUE_SIGN_CONSTRAINT_FAILED', 'RESIDUE_PHASE_CONSTRAINT_WEAK']",0.11796166653242633,2.0786767348785804,0.020187833055127807,development
cse_reprocessing:012,cse_reprocessing,"['RESIDUE_SIGN_CONSTRAINT_FAILED', 'RESIDUE_PHASE_CONSTRAINT_WEAK']",0.16013178850768534,2.0175035277373996,0.013370212673545288,holdout
cse_reprocessing:013,cse_reprocessing,['RESIDUE_PHASE_CONSTRAINT_WEAK'],0.2191886010630921,1.558092339613439,0.02275693475036397,development
cse_reprocessing:014,cse_reprocessing,['RESIDUE_PHASE_CONSTRAINT_WEAK'],0.16992374746042707,1.1662252167439193,0.009583201248623194,holdout
cse_reprocessing:015,cse_reprocessing,['RESIDUE_PHASE_CONSTRAINT_WEAK'],0.1885965188307021,1.4011663110741033,0.010863111025628681,holdout
cse_reprocessing:016,cse_reprocessing,"['RESIDUE_SIGN_CONSTRAINT_FAILED', 'RESIDUE_PHASE_CONSTRAINT_WEAK']",0.09938261756351517,1.9235083222196296,0.021275800243315095,holdout
cse_reprocessing:017,cse_reprocessing,"['RESIDUE_SIGN_CONSTRAINT_FAILED', 'RESIDUE_PHASE_CONSTRAINT_WEAK']",0.2259423108424371,1.9283339804210529,0.0377331351768983,holdout
cse_reprocessing:018,cse_reprocessing,"['RESIDUE_SIGN_CONSTRAINT_FAILED', 'RESIDUE_PHASE_CONSTRAINT_WEAK']",0.24564222523465892,1.1171127568644967,0.01169970570780537,development
cse_reprocessing:019,cse_reprocessing,['RESIDUE_SIGN_CONSTRAINT_FAILED'],0.21057867740464173,0.9611245419268153,0.021692219286604975,development
cse_reprocessing:020,cse_reprocessing,"['RESIDUE_SIGN_CONSTRAINT_FAILED', 'RESIDUE_PHASE_CONSTRAINT_WEAK']",0.19429352150493562,2.16123785899601,0.025929979874793164,development
cse_reprocessing:021,cse_reprocessing,"['RESIDUE_SIGN_CONSTRAINT_FAILED', 'RESIDUE_PHASE_CONSTRAINT_WEAK']",0.12471653913210398,2.074201689229495,0.02061197164824383,development
cse_reprocessing:022,cse_reprocessing,"['RESIDUE_SIGN_CONSTRAINT_FAILED', 'RESIDUE_PHASE_CONSTRAINT_WEAK']",0.16004226532022678,1.484626658572707,0.01658563301440102,holdout
cse_reprocessing:023,cse_reprocessing,"['RESIDUE_SIGN_CONSTRAINT_FAILED', 'RESIDUE_PHASE_CONSTRAINT_WEAK']",0.1894724136076827,2.034042239705747,0.024688437794570594,development
cse_reprocessing:024,cse_reprocessing,"['RESIDUE_SIGN_CONSTRAINT_FAILED', 'RESIDUE_PHASE_CONSTRAINT_WEAK']",0.12431086244861643,1.397459367143934,0.013885534952861319,development
cse_reprocessing:025,cse_reprocessing,"['RESIDUE_SIGN_CONSTRAINT_FAILED', 'RESIDUE_PHASE_CONSTRAINT_WEAK']",0.1367545789828895,1.779611060883955,0.01779392549472855,holdout
cse_reprocessing:026,cse_reprocessing,"['RESIDUE_SIGN_CONSTRAINT_FAILED', 'RESIDUE_PHASE_CONSTRAINT_WEAK']",0.12437800494180976,1.6171640412633441,0.02207067781173676,holdout
cse_reprocessing:027,cse_reprocessing,"['RESIDUE_SIGN_CONSTRAINT_FAILED', 'RESIDUE_PHASE_CONSTRAINT_WEAK']",0.1192924436770416,1.797436304630209,0.02069098954923127,development
cse_reprocessing:028,cse_reprocessing,"['RESIDUE_SIGN_CONSTRAINT_FAILED', 'RESIDUE_PHASE_CONSTRAINT_WEAK']",0.15573891295191364,1.9196333976558695,0.009376569580063882,holdout
cse_reprocessing:029,cse_reprocessing,"['RESIDUE_SIGN_CONSTRAINT_FAILED', 'RESIDUE_PHASE_CONSTRAINT_WEAK']",0.23254192471618906,1.982439005242175,0.02262166035462245,development
