star_id,mode,period_days,observation_count_raw,train_count,test_count,winner,best_derd_rmse,best_fourier_rmse,derd_minus_fourier_rmse,catalog_period_pdm_score,derd_g_amplitude_ratio,derd_g_condition_number,derd_g_e1,derd_g_e2,derd_g_phase_ratio,derd_g_success,derd_g_train_rmse,derd_k_amplitude_ratio,derd_k_condition_number,derd_k_e1,derd_k_e2,derd_k_phase_ratio,derd_k_success,derd_k_train_rmse,epoch_hjd_minus_2450000,epoch_peak_phase_from_training,fourier_bic_order,fourier_bic_raw_order,fourier_bic_rejected_orders,local_best_period_days,local_file_sha256,observation_count_clean,period_relative_delta,test_derd_g_durbin_watson,test_derd_g_mae,test_derd_g_maximum_absolute_error,test_derd_g_r_squared,test_derd_g_residual_lag1_autocorrelation,test_derd_g_rmse,test_derd_g_weighted_mae,test_derd_g_weighted_rmse,test_derd_k_durbin_watson,test_derd_k_mae,test_derd_k_maximum_absolute_error,test_derd_k_r_squared,test_derd_k_residual_lag1_autocorrelation,test_derd_k_rmse,test_derd_k_weighted_mae,test_derd_k_weighted_rmse,test_fourier_bic_durbin_watson,test_fourier_bic_mae,test_fourier_bic_maximum_absolute_error,test_fourier_bic_r_squared,test_fourier_bic_raw_durbin_watson,test_fourier_bic_raw_mae,test_fourier_bic_raw_maximum_absolute_error,test_fourier_bic_raw_r_squared,test_fourier_bic_raw_residual_lag1_autocorrelation,test_fourier_bic_raw_rmse,test_fourier_bic_raw_weighted_mae,test_fourier_bic_raw_weighted_rmse,test_fourier_bic_residual_lag1_autocorrelation,test_fourier_bic_rmse,test_fourier_bic_weighted_mae,test_fourier_bic_weighted_rmse,test_fourier_order2_durbin_watson,test_fourier_order2_mae,test_fourier_order2_maximum_absolute_error,test_fourier_order2_r_squared,test_fourier_order2_residual_lag1_autocorrelation,test_fourier_order2_rmse,test_fourier_order2_weighted_mae,test_fourier_order2_weighted_rmse
OGLE-LMC-CEP-0001,1O,0.3068181,24,19,5,derd_k,0.066232621634319,0.0678562267701499,-0.0016236051358308884,0.2692239680819639,1.182717020865083,143.49515639540687,0.5548905227924346,0.24493418400575342,0.8425498485048354,True,0.042888952417956275,0.7088368623360289,15.803797737302032,0.3600599799781644,0.6389452065055538,0.21251523867265235,True,0.04257921792199944,2184.885548254492,0.240234375,3,3,,0.30679355455199997,a55f64c66fa94c6a2f29539e8085792ad984bdb9bee16e4078b529445529432f,24,-8.000000000004206e-05,2.2251667017465477,0.06299369173093487,0.10499145386678199,0.5590815872078587,-0.3283410942364077,0.07010707707172219,0.06278696060170862,0.07006404569454633,2.5249473714995836,0.05061621190281214,0.1160511400757468,0.6064694927375298,-0.4243996127284588,0.066232621634319,0.05159305378444681,0.06755818941278843,2.389943504275763,0.05745850782916244,0.09845531521487128,0.586939252239995,2.389943504275763,0.05745850782916244,0.09845531521487128,0.586939252239995,-0.460637680006322,0.0678562267701499,0.05819987658792844,0.06890481513871421,-0.460637680006322,0.0678562267701499,0.05819987658792844,0.06890481513871421,1.8419243131799306,0.07196187053991444,0.11286152882416611,0.4679145898519551,-0.10191809899387134,0.07701466282366583,0.06964661328286445,0.07488590041867522
OGLE-LMC-CEP-0002,F,3.118149,24,19,5,fourier_order2,0.4401384612906426,0.24531056123232917,0.19482790005831344,0.08891774616668777,0.9263636277012913,1097.5826720181817,0.38435567763208495,0.3726516447017862,0.9667077167818864,True,0.06627472563478297,1.0598562331742472,262.813142355184,0.3976259927481992,0.4128059362155984,0.033477344284128255,True,0.05836128200631282,2174.0428983808597,0.701171875,2,2,5:dense_prediction_span,3.1171511923199997,e793fbe2bca3f68121cec05e31e1af26866dcc8f6f52ed8cb5b8809ab68ae063,24,-0.0003200000000000414,0.16486800623001785,0.4081822291674989,0.6742762900234839,-1.451228183834289,0.6769159718651333,0.46873655226145816,0.4093542064189417,0.47032406779052377,0.2708970642999698,0.35872727572070867,0.671873506298654,-1.1612486774239805,0.5904580895672178,0.4401384612906426,0.35474770004894685,0.4389379416353612,0.15646451242577453,0.22358274995676347,0.3463870277763258,0.3286351632798643,0.15646451242577453,0.22358274995676347,0.3463870277763258,0.3286351632798643,0.5104081906851666,0.24531056123232917,0.22142988768390265,0.24413576942462314,0.5104081906851666,0.24531056123232917,0.22142988768390265,0.24413576942462314,0.15646451242577453,0.22358274995676347,0.3463870277763258,0.3286351632798643,0.5104081906851666,0.24531056123232917,0.22142988768390265,0.24413576942462314
OGLE-LMC-CEP-0003,1O,0.3500957,24,19,5,derd_g,0.11112877905026192,0.11954147569332695,-0.008412696643065029,0.020098544733406606,0.1858627864944711,21.17596485913782,9.908110774556786e-37,0.7896809464721007,0.6299293936662337,True,0.0755640457220561,0.9927285484639947,25326743.19500678,0.40137502306413836,0.40391035763370503,0.9999991806866635,True,0.07791454499870111,2171.9122410281498,0.075439453125,2,2,,0.349983669376,45b86328fe30b498fcb96eeb62d0844ca2561f70a9da78de364e7a362d8683d5,24,-0.00032000000000001006,1.2400524964414221,0.1030358396543523,0.15416407235859697,-0.0012461032979393938,0.22380482865852422,0.11112877905026192,0.1124808598570147,0.11953103994178918,0.5976676258654344,0.12146879923768665,0.24657436909514546,-1.0216201018448237,0.2152796241841473,0.15790864142530886,0.13571329559949566,0.17172409555477236,1.1097450703265948,0.09956910308855985,0.1993625771571531,-0.1585772026055281,1.1097450703265948,0.09956910308855985,0.1993625771571531,-0.1585772026055281,-0.01935958825119209,0.11954147569332695,0.10679704084783057,0.12837041107761116,-0.01935958825119209,0.11954147569332695,0.10679704084783057,0.12837041107761116,1.1097450703265948,0.09956910308855985,0.1993625771571531,-0.1585772026055281,-0.01935958825119209,0.11954147569332695,0.10679704084783057,0.12837041107761116
OGLE-LMC-CEP-0004,1O,2.2296385,24,19,5,fourier_order2,0.07609796209133811,0.04324402382515132,0.03285393826618679,0.06830633704178304,0.23588291229592673,27.566927311422262,8.995405071452293e-26,0.6437012004421613,0.06512977053760664,True,0.01877440168024262,0.3200468255682713,24.958935157308257,0.21228317908545943,0.6802228625058172,0.4015505400105446,True,0.021316431639173274,2172.4700171947025,0.275146484375,2,2,,2.2274088615000003,90288a5f96940f59d9bddbede8c2b683a72b07ed0f6dcdc92571f501ad4a04c7,24,-0.0009999999999999092,0.28682410544483855,0.07722687934373614,0.10747009068730373,-0.24442307716640244,-0.4528113580770598,0.0852805364963306,0.07827247263526296,0.08597968182965429,0.2940877451876669,0.06902911996811385,0.09435678582732554,0.009135517060810283,-0.5052028214494032,0.07609796209133811,0.06986962307664793,0.07663669762715088,0.7912881950544005,0.03686679789664602,0.07246032000588909,0.680021790031085,0.7912881950544005,0.03686679789664602,0.07246032000588909,0.680021790031085,-0.4718766918928377,0.04324402382515132,0.036944738959804435,0.04319776056520865,-0.4718766918928377,0.04324402382515132,0.036944738959804435,0.04319776056520865,0.7912881950544005,0.03686679789664602,0.07246032000588909,0.680021790031085,-0.4718766918928377,0.04324402382515132,0.036944738959804435,0.04319776056520865
OGLE-LMC-CEP-0005,F,5.6119491,24,19,5,derd_k,0.03764799803497205,0.08783214990649638,-0.05018415187152433,0.1872895388036155,1.1815800977117241,279.8186354484692,0.3439305966069828,0.4552916306751831,0.92229514689642,True,0.023639313842224497,0.8124556451093345,11.595708888830645,0.5744577364008132,0.5470497341304079,0.22057667925604918,True,0.023895235240617412,2171.9620380665774,0.018798828125,3,3,,5.6063371509,450368e130f5aa0d1823d415b3041463e65f8eaf10e6d90ff72d14c4f9621ed7,24,-0.0010000000000000716,0.03554732185731883,0.040554603058389,0.05349422888770111,0.6754201765025689,0.29149282482216343,0.04121654530789646,0.04087560190852804,0.04157157131561616,0.18870485092002615,0.03273917132615385,0.0677907037415556,0.7291916072708264,0.8735192989295482,0.03764799803497205,0.03379936614718082,0.03884705307721614,0.26033245592566906,0.0786735329113119,0.12940708218459263,-0.4739588935512755,0.26033245592566906,0.0786735329113119,0.12940708218459263,-0.4739588935512755,0.09829084247529284,0.08783214990649638,0.07939190388828413,0.08833857281004574,0.09829084247529284,0.08783214990649638,0.07939190388828413,0.08833857281004574,0.041269250089188025,0.15541301298786322,0.19490388894300809,-3.7568351344144313,0.049591756943107294,0.15778651248002462,0.1559855973087291,0.15830953995216812
OGLE-LMC-CEP-0006,1O,3.2947501,24,19,5,derd_g,0.19606332718853645,0.42068032950132606,-0.2246170023127896,0.06113358500010688,1.9999999999999998,648.2888084282251,0.47925128019755153,0.5791909377244759,0.5696537082868357,True,0.040414830236681146,0.18434581714452858,168.76704522852964,0.4299664193595742,0.9799999999999999,0.3864039884021835,True,0.03914624805442095,2172.22736026272,0.112548828125,3,5,4:dense_prediction_span;5:dense_prediction_span,3.292707354938,4afcf12f90c25b367b86a81de44c5901967d738af7ec283abdae005404ab4878,24,-0.0006199999999999919,0.17359496101621047,0.1685403789116337,0.2774065000889754,0.7021657552455421,0.7096697146487378,0.19606332718853645,0.1569525354356993,0.18676343582701024,0.06600368782361829,0.20391392736516023,0.27971010387610296,0.6411766967306698,0.7312697608581528,0.21520352103339882,0.19596562739470597,0.20792802639641395,0.1926115790849766,0.8834998103583931,1.2015954111949243,-5.9853651974738815,0.427271725091279,50.91642255668014,87.2786988431301,-26780.534749882154,-0.184397845491401,58.793157317713536,50.76750783219473,58.037764148701534,-0.25134471614797177,0.9495188936793212,0.9001222064985261,0.9570203110729704,0.32767043141605035,0.3784632746461958,0.6045509634442175,-0.3711542221317423,-0.05611087731063919,0.42068032950132606,0.3712834498566404,0.4127214953355766
OGLE-LMC-CEP-0007,1O,0.7090827,24,19,5,fourier_order2,0.16567643430354964,0.15443683431347865,0.011239599990070986,0.08105098487903685,1.9999999999999882,108.04741049550329,0.582781659544014,0.6825646046232898,0.511751313907327,True,0.04916675352921679,0.6014329416211798,45.748541770640884,0.1596839681045623,0.5504396232560942,0.08763400051217503,True,0.050629173306055104,2185.394247299683,0.826416015625,4,4,,0.7093946963879999,8851b3c1b637300484849de12ced3a8c7d959827b97e982168c5a76dfe4bbb5c,24,0.00043999999999992466,0.5635061138989172,0.14656020013933463,0.33465744075928455,-5.008119866373985,0.12377842079558833,0.18105010409746486,0.12740426964503937,0.15958299090817607,0.6198870364160606,0.13370571359197422,0.3111346903590005,-4.031094895949357,0.051119575747996505,0.16567643430354964,0.11681488637988896,0.14599992095532674,0.5573407039294498,0.14010906929863248,0.2966995037937635,-3.8637742607077685,0.5573407039294498,0.14010906929863248,0.2966995037937635,-3.8637742607077685,-0.12624185242455738,0.16289816405548935,0.12823445714537524,0.14722764685626025,-0.12624185242455738,0.16289816405548935,0.12823445714537524,0.14722764685626025,0.8126185427613779,0.10763651018879043,0.30106693201994755,-3.37162410903323,0.15250784876967483,0.15443683431347865,0.08758671200435131,0.1332391892781142
OGLE-LMC-CEP-0009,1O,2.0243667,24,19,5,fourier_order2,0.10010937193904333,0.08165397738868005,0.018455394550363283,0.023168148317357636,1.618127133374589,39.97832279373138,0.6030875109055763,0.23220234991573743,0.5948078780962825,True,0.03139258562454793,0.7300462569984998,18.062594700873852,0.20010351439664675,0.5477339419986605,0.3911731889446232,True,0.031509782805409524,2252.7107123920164,0.422607421875,2,2,,2.023718902656,256b9dad787c2e7c38abf0baa272dc73063ed7aa422212e468a6a96015396b9b,24,-0.00032000000000000035,0.1664788734818356,0.08746118126199982,0.14671956617723478,0.69272814588399,0.8244202871866646,0.10010937193904333,0.08695863688585442,0.09903332191252422,0.16946622369775086,0.08928091694311613,0.15168008985554762,0.6804902556728649,0.8352889040299667,0.10208346435806073,0.08867906992317577,0.1008843542338862,0.2865108769354599,0.07153295000872836,0.1401459477554859,0.7955778291476521,0.2865108769354599,0.07153295000872836,0.1401459477554859,0.7955778291476521,0.7077956170751121,0.08165397738868005,0.0700553082577591,0.07951918186766134,0.7077956170751121,0.08165397738868005,0.0700553082577591,0.07951918186766134,0.2865108769354599,0.07153295000872836,0.1401459477554859,0.7955778291476521,0.7077956170751121,0.08165397738868005,0.0700553082577591,0.07951918186766134
OGLE-LMC-CEP-0010,1O,2.5655853,24,19,5,derd_k,0.04600219105859687,0.05771270984611252,-0.011710518787515653,0.04639664598742613,1.9999972964245065,2904.2767881818863,2.661378318219135e-07,0.3418188604012039,0.507536653784557,True,0.04413334688477641,0.59344377263044,70.85081959372168,0.06526153162908621,0.2778831676905533,0.9051011426966038,True,0.04279250451454867,2164.182824467163,0.506591796875,2,2,,2.56635497559,8b2e368df3a3de9beb178268cbe53020a827202ee54acf599cbb41a83ff88752,24,0.0002999999999999856,0.197585163162041,0.07368507744454467,0.11110443911886975,0.48707450773456373,-0.30478278529236735,0.07685148882089521,0.07339546447142177,0.07650287494616341,0.48389661954937735,0.04049993613097411,0.07600153861167991,0.8162164027135442,-0.07903163050049633,0.04600219105859687,0.03990769978864367,0.04546437598448212,0.33599432862231443,0.0536339776213848,0.08949509760316829,0.7107371595236507,0.33599432862231443,0.0536339776213848,0.08949509760316829,0.7107371595236507,-0.28791335283646835,0.05771270984611252,0.05331064353471771,0.057349659232615244,-0.28791335283646835,0.05771270984611252,0.05331064353471771,0.057349659232615244,0.33599432862231443,0.0536339776213848,0.08949509760316829,0.7107371595236507,-0.28791335283646835,0.05771270984611252,0.05331064353471771,0.057349659232615244
OGLE-LMC-CEP-0012,F,2.6601839,24,19,5,derd_k,0.4969767550577662,0.5738596820369883,-0.07688292697922217,0.06089037162187427,1.265193956893115,33.07044125537906,0.44880071107646047,0.4150988509867684,0.8236461154387743,True,0.018098435789945164,0.6971091346127801,8.106754249377532,0.4790261194108475,0.898792651772493,0.3228291301950067,True,0.01766637197668331,2165.4129961565673,0.953857421875,3,5,5:dense_prediction_span,2.6620460287299994,a5d5065333cbfc177a2cd67c22bfbcd1dadfc003ef02b5a76b49c03d2962dcbc,24,0.0006999999999998419,0.1753087809191577,0.5347008682433696,0.8193520756306923,-0.7217377396708613,0.38324691682195244,0.5836528869181071,0.49278975903762867,0.5509609407486122,0.26121273283959223,0.4109429151909817,0.6698602897122203,-0.24833134404848556,0.694262870447728,0.4969767550577662,0.3537339957660048,0.4556678278901264,0.1715181005600382,0.5498018947187198,0.8422483965678222,-0.7849731705546172,0.04379018864159945,8.969841750970977,11.247085025453513,-417.9510719207609,0.16143387246211463,9.104430634646906,9.193405462914955,9.307769168839421,0.310845966101014,0.5942743488169536,0.5111597569631698,0.5638742258627407,0.18392399485641436,0.5041684043272981,0.763317479310545,-0.6644438537515478,0.6028607630019193,0.5738596820369883,0.4492474182073067,0.5323184909228458
OGLE-LMC-CEP-0013,1O,1.5985688,24,19,5,fourier_order2,0.15390787580017126,0.11484737269273423,0.03906050310743703,0.017218376841686693,1.999965626531888,144.7006385976819,0.19312542322141124,0.4817566317208588,0.6212462354677198,True,0.02757067076115468,0.3091900856333692,159.62860103372782,0.33368307946295656,0.9799999999999999,0.3411323573790877,True,0.022804286416334463,2166.4635888117186,0.3798828125,2,2,,1.597194030832,31ca97c5f2fda2ddd864779f11e1d5c9169b07150db42b58b3a6317e237e8820,24,-0.0008599999999999657,0.61489085163664,0.1420409260374099,0.321968940459169,0.8302209258365203,0.0681306369654999,0.17383075200607054,0.1302506454374038,0.16567900493311566,0.7258827269362855,0.11997259490818804,0.2825742472747642,0.8669077915868819,0.06577282029627626,0.15390787580017126,0.10795898216745557,0.1462119529445035,0.663776617823587,0.09198665234534922,0.21891530411084614,0.925890638417979,0.663776617823587,0.09198665234534922,0.21891530411084614,0.925890638417979,0.05632144137296667,0.11484737269273423,0.08463243732156042,0.10967953881363325,0.05632144137296667,0.11484737269273423,0.08463243732156042,0.10967953881363325,0.663776617823587,0.09198665234534922,0.21891530411084614,0.925890638417979,0.05632144137296667,0.11484737269273423,0.08463243732156042,0.10967953881363325
OGLE-LMC-CEP-0014,1O,3.1356338,24,19,5,fourier_bic,0.042332684133613525,0.035160905451566735,0.007171778682046791,0.05611470682599384,1.1259579744788732,114.24219210166483,0.1218548176127179,0.49683058790467816,0.5735928299944865,True,0.024105557365313834,0.4918866886346232,27.683706349344114,0.37096511158743417,0.12843747878874817,0.3914436455855149,True,0.02480357412812096,2183.85236749834,0.00341796875,3,3,,3.1384558704199996,d9b39ac7f05fddb8d51109d6f926ea8b0c7bbcd9a21da1b34121e092970707c3,24,0.000899999999999908,1.2518372061013416,0.03374521831790304,0.06550192828096502,0.8149071343984431,-0.6034784250261084,0.042332684133613525,0.03347474137998578,0.04214449606549714,1.1617973033998041,0.034675216844310484,0.06854356476132462,0.7940695525270155,-0.6048195459661573,0.04465203413613433,0.03438490622645441,0.044406284904912594,1.7343378821025026,0.030397122026267643,0.05279349613430373,0.8723096234370257,1.7343378821025026,0.030397122026267643,0.05279349613430373,0.8723096234370257,-0.5911030673826727,0.035160905451566735,0.030095112294216655,0.035003882347155874,-0.5911030673826727,0.035160905451566735,0.030095112294216655,0.035003882347155874,1.4920331785536656,0.03453272756666953,0.06251460829998157,0.8255748560033525,-0.577368330584322,0.04109467135047039,0.03422717695526577,0.04072179888984144
OGLE-LMC-CEP-0015,1O,1.6556995,24,19,5,derd_g,0.026325578088443,0.02651942149378186,-0.0001938434053388588,0.06933810488362768,1.7045740076181926,34.48231269944539,0.41763716626225755,0.24617951320406645,0.761394578522855,True,0.013322237453749287,0.5236875386881081,12.971206589115235,0.3091717823214767,0.537255909603154,0.2937696095699124,True,0.01360000303700733,2172.909085728882,0.622314453125,3,3,,1.65619620985,7f60236698093bd5226e4b18db58fec5d0d9fa2584187bd7623a1a813e6b670b,24,0.00029999999999996577,2.397448625021416,0.025646563089046587,0.035595891110425965,0.9842054733487559,-0.5395073720804954,0.026325578088443,0.02612791014669293,0.02683609744106701,1.2282769743889972,0.03188370706971385,0.0645215300146634,0.9630314121432451,-0.3046608221763476,0.04027550920924988,0.03298720842152383,0.041571051057649154,2.5014927949007197,0.02376747274965161,0.03677463087993993,0.9839720169881123,2.5014927949007197,0.02376747274965161,0.03677463087993993,0.9839720169881123,-0.4591110055974288,0.02651942149378186,0.024149303226873257,0.0267551204594228,-0.4591110055974288,0.02651942149378186,0.024149303226873257,0.0267551204594228,1.882665104238368,0.027230861314537818,0.05730305519839013,0.9756481494458574,-0.17400365665561845,0.03268816896430825,0.028076792445836236,0.0337885428864601
OGLE-LMC-CEP-0017,F,3.6772904,24,19,5,derd_g,0.02476416512463123,0.056246537078743414,-0.03148237195411219,0.21345212895758872,1.0382257737394693,60.83485263545651,0.6186676793870093,0.43436335825935674,0.8966730212203474,True,0.06605029283136792,0.9022848197500791,25.047472360501832,0.39013161820743686,0.7767679828179218,0.1517164934614066,True,0.06073242691739933,2173.312417130664,0.388916015625,5,5,,3.676407850304,dc5cca6466dd5cf2fc0aa2d470389b28786ec4bcc0919b5c3b53e8da833ae273,24,-0.00024000000000002752,1.1641964322171952,0.02167747021223993,0.035525131575692676,0.7758054942526004,-0.28850740388801427,0.02476416512463123,0.02227594735901873,0.024968120120097578,0.22821996448201418,0.053722230967131114,0.08598935038905486,-0.25380939485557774,0.03004596306712945,0.058563492488932486,0.053869875468587396,0.058645160963039816,0.2872857023158194,0.4225503876440754,0.740314097865019,-104.36832424013183,0.2872857023158194,0.4225503876440754,0.740314097865019,-104.36832424013183,0.6391726320804876,0.5368664257020593,0.4388880766933172,0.548960228959473,0.6391726320804876,0.5368664257020593,0.4388880766933172,0.548960228959473,0.40935592752922456,0.04586465178282655,0.09241514814035381,-0.1565626467487462,0.6087524442119429,0.056246537078743414,0.04820331325144001,0.05852754892521721
OGLE-LMC-CEP-0018,F,4.0478369,24,19,5,fourier_order2,0.2971787320960593,0.23645187055377204,0.060726861542287236,0.06979010192807322,1.633571786947638,51.04561392038099,0.5899635823532804,0.3970887450096959,0.5805620127432156,True,0.02078021210497865,0.7831354950025848,304.1578182003598,1.7916640256861805e-06,0.14116175163797123,0.9577921048707752,True,0.020842958949397472,2169.497344396289,0.900390625,2,5,5:dense_prediction_span,4.048079770214,aa00b8e81cd677a531afbf5f2b21b434c2be621defc0aa5f757ed395d4a42d3c,24,5.9999999999901664e-05,0.13985819209826128,0.3632829491601191,0.43032902102772985,-72.4011195131398,-0.4960691823491589,0.3849653491139329,0.3754167155706283,0.39330612640316326,0.13911699095145558,0.28001281279824647,0.34397513674916436,-42.74161908104208,0.0700387341879612,0.2971787320960593,0.2893403918224886,0.3035060835414436,0.18049415074511815,0.21794558619501264,0.2855706701795207,-26.69139989699278,0.12861171975837826,1.9320823465915555,2.4551596733248284,-2003.012726836544,-0.3567007172397575,2.011502311483057,1.9816832334772285,2.0532634236797036,0.21149944485171468,0.23645187055377204,0.22639423841175793,0.24163936678333123,0.18049415074511815,0.21794558619501264,0.2855706701795207,-26.69139989699278,0.21149944485171468,0.23645187055377204,0.22639423841175793,0.24163936678333123
OGLE-LMC-CEP-0021,F,5.4579579,24,19,5,fourier_order2,0.4947598275974036,0.1681664670179966,0.326593360579407,0.22971231223662344,1.3154296246422135,39.261199641639095,0.8489673807144383,0.7988971379639827,0.5294863428464732,True,0.11336345763191427,0.7960216142393333,37.08862514184061,0.8505132327003553,0.9556948510917245,0.4599245255491212,True,0.1188595419057837,2177.210089520972,0.976806640625,2,2,5:dense_prediction_span,5.461669311372001,978f768f733ad6665b51d7964992b7291e3d010646c69a3ede2279e306bc9174,24,0.0006800000000000886,0.5520169467668452,0.4008310594632216,0.7755990294716247,-25.330881732167448,-0.09141385485645441,0.5014938157226354,0.386072779942676,0.4895620290495251,0.4980491525334938,0.40760082362831956,0.7531191396735712,-24.62849466303571,-0.11307169257691393,0.4947598275974036,0.39390708784415834,0.48344237638684323,0.8521800508780684,0.14207729636600352,0.2683043258381037,-1.960827046736235,0.8521800508780684,0.14207729636600352,0.2683043258381037,-1.960827046736235,0.43099209691775814,0.1681664670179966,0.14294498422429203,0.16962502209759722,0.43099209691775814,0.1681664670179966,0.14294498422429203,0.16962502209759722,0.8521800508780684,0.14207729636600352,0.2683043258381037,-1.960827046736235,0.43099209691775814,0.1681664670179966,0.14294498422429203,0.16962502209759722
OGLE-LMC-CEP-0023,F,1.7018187,24,19,5,derd_g,0.07651213185747507,0.11296056731834238,-0.036448435460867304,0.28791755062843766,1.2376317042401122,45.645674051353396,0.6349150471112003,0.43088717848699115,0.8540193932881627,True,0.03579634867735194,0.746900421759727,14.005309966874576,0.4821761404730214,0.8042497926520992,0.18677326109626283,False,0.038690983745523586,2166.5215084127685,0.390869140625,5,5,,1.702873827594,d3629879698b47eee0b448085b909582972128cf4d7bf051300a77e3f4efe728,24,0.0006200000000000355,0.6398885918925851,0.06710932871483791,0.13422447811371596,0.6775164878107397,-0.7221763434632232,0.07651213185747507,0.06905063257368528,0.07750073147256287,0.4206146683111343,0.07875314930338359,0.13113036474442352,0.5926167323798657,-0.9268915872574847,0.08599597781543669,0.08202766654772461,0.08793868771120121,0.11116495790621532,0.10744856954022301,0.15781064579634607,0.29708851554437166,0.11116495790621532,0.10744856954022301,0.15781064579634607,0.29708851554437166,0.36716980584360237,0.11296056731834238,0.10568054589534037,0.11159130745305647,0.36716980584360237,0.11296056731834238,0.10568054589534037,0.11159130745305647,0.32856792314874445,0.134703912092705,0.21132296698510555,-0.17751705155501707,-0.8106085456913964,0.1462043006556412,0.14087392294444553,0.14985491853537689
OGLE-LMC-CEP-0025,F,3.7334902,24,19,5,derd_g,0.05993590794871829,0.09881664389739755,-0.03888073594867927,0.2922874315616226,1.0645949983927838,889.6589838886607,0.37937826502451305,0.3896645553746485,0.9753315491358336,True,0.03702767300954851,0.9687952600004124,213.9112581774571,0.32175060249796256,0.384881147060545,0.055354425784657386,True,0.03312318017155666,2173.2450534496584,0.365966796875,3,3,,3.7297567097999997,aa05f391082a9ec0545562f374f2b5a9f45d198fb3c3e99a2dc93ec2285ce515,24,-0.0010000000000000358,1.1245921508590098,0.055723322811861695,0.08716548911258393,0.17523135875415008,-0.7519165777731122,0.05993590794871829,0.052851708723731815,0.05698289781909111,0.8068104706906157,0.0654650039860462,0.09043807203679821,-0.08938276311961513,-0.6129843761965494,0.06888287548801708,0.06379136152979,0.06728227475566162,0.4002450981599858,0.10701939753006282,0.166463193092792,-2.143951823216288,0.4002450981599858,0.10701939753006282,0.166463193092792,-2.143951823216288,-0.7312973589355855,0.11701969446255829,0.10123784802732305,0.11104467596680503,-0.7312973589355855,0.11701969446255829,0.10123784802732305,0.11104467596680503,0.4246730599584854,0.09400394414843698,0.1367483435396213,-1.2419099401827731,0.563530842199789,0.09881664389739755,0.09510862775785221,0.10016381775987512
OGLE-LMC-CEP-0026,F,2.5706724,24,19,5,derd_k,0.014884429753328363,0.07400695208163492,-0.05912252232830656,0.1746039598315972,1.9999977109659628,21.317559101896673,0.2978576962945327,0.757539322371454,0.7883875839819384,True,0.044725566639076016,0.5005506148138623,14.834516532977009,0.7176016596086436,0.8220868971195348,0.2088230619003598,True,0.04196075522513217,2166.90583214043,0.40966796875,5,5,,2.5681017275999998,cbfb505a8ba72cca95b51f0fe5c6f6d1689b74b9f9614a05200ce8ff12143ffb,24,-0.001000000000000033,0.1514687753957474,0.0657575573787534,0.08634570033137974,0.5318068622747533,-0.21379972954338525,0.06979572400935444,0.0680832002498905,0.07150534196941037,2.3843348212427475,0.01417792276528423,0.019239070521616053,0.9787072471970385,-0.6507100945883051,0.014884429753328363,0.01369941641986284,0.014436126437436162,1.0566715741954917,0.4124275239765668,1.254768738049676,-35.873313145605884,1.0566715741954917,0.4124275239765668,1.254768738049676,-35.873313145605884,-0.11121488289490622,0.6194016750588949,0.3960133289898883,0.6045941178365167,-0.11121488289490622,0.6194016750588949,0.3960133289898883,0.6045941178365167,0.4673454953689732,0.06371013713887036,0.10590675685484514,0.4736041609960583,0.8675104366919137,0.07400695208163492,0.06633463200349897,0.0764367409256362
OGLE-LMC-CEP-0027,F,3.5229124,24,19,5,derd_k,0.008218899952969252,0.02106190030515151,-0.012843000352182258,0.21953326926315753,1.1500353046301455,192.80708366563178,0.547245356783925,0.529312136170086,0.9472188772887292,True,0.049151033389708776,0.7521372524531762,14.21588212070562,0.5229112987380351,0.7339260452006896,0.15487074579593454,True,0.05369186500111817,2168.9132768874024,0.870849609375,5,5,,3.5215032350400004,2f837845043a0d8dbab4a3616ed38c27166a5e57af7a42278ecdf5ad64b1d253,24,-0.0003999999999999017,0.19752561523697695,0.025716874196639983,0.0337507025162076,-0.4562183930530872,-0.3445169548063783,0.02702371318359535,0.025704921131728443,0.0270361046794636,1.7095115868062885,0.007289375153658709,0.012859200026635778,0.8653011604390559,-0.46129454333350356,0.008218899952969252,0.00741203436783193,0.008338121563044209,1.0424128406276303,0.01807164078156183,0.03646922717398399,0.11543129201880487,1.0424128406276303,0.01807164078156183,0.03646922717398399,0.11543129201880487,0.43670055460980284,0.02106190030515151,0.0181564143345665,0.021150656276175597,0.43670055460980284,0.02106190030515151,0.0181564143345665,0.021150656276175597,0.6835768430496371,0.038846288047195886,0.07492590394508339,-3.205323999246475,0.6453804366920105,0.04592313177860886,0.039376433149885655,0.046383038322514766
