synthetic_id,template_star_id,label,null_family,noise_multiplier,score,flags,split
PHASE07-FULL-CADENCE:derd_geometric:0000,PHASE07-FULL-CADENCE,1,derd_geometric,1.0,2.7860873644792603,"['ROOT_OUTSIDE_PHYSICAL_Q_DOMAIN', 'RESIDUE_PHASE_CONSTRAINT_WEAK', 'AMPLITUDE_RATIO_EXTREME']",development
PHASE07-FULL-CADENCE:derd_geometric:0001,PHASE07-FULL-CADENCE,1,derd_geometric,1.0,0.5889051057994887,['RESIDUE_PHASE_CONSTRAINT_WEAK'],development
PHASE07-FULL-CADENCE:derd_geometric:0002,PHASE07-FULL-CADENCE,1,derd_geometric,1.0,0.232213433511785,[],development
PHASE07-FULL-CADENCE:derd_geometric:0003,PHASE07-FULL-CADENCE,1,derd_geometric,1.0,0.8331590482809073,['RESIDUE_PHASE_CONSTRAINT_WEAK'],development
PHASE07-FULL-CADENCE:derd_geometric:0004,PHASE07-FULL-CADENCE,1,derd_geometric,1.0,0.9666371573015818,['RESIDUE_PHASE_CONSTRAINT_WEAK'],development
PHASE07-FULL-CADENCE:derd_geometric:0005,PHASE07-FULL-CADENCE,1,derd_geometric,1.0,0.5085414298581806,['RESIDUE_PHASE_CONSTRAINT_WEAK'],development
PHASE07-FULL-CADENCE:derd_geometric:0006,PHASE07-FULL-CADENCE,1,derd_geometric,1.0,1.5575990853554649,"['RESIDUE_SIGN_CONSTRAINT_FAILED', 'RESIDUE_PHASE_CONSTRAINT_WEAK']",development
PHASE07-FULL-CADENCE:derd_geometric:0007,PHASE07-FULL-CADENCE,1,derd_geometric,1.0,0.5202284201477385,['RESIDUE_PHASE_CONSTRAINT_WEAK'],development
PHASE07-FULL-CADENCE:derd_geometric:0008,PHASE07-FULL-CADENCE,1,derd_geometric,1.0,0.2962509234653646,[],development
PHASE07-FULL-CADENCE:derd_geometric:0009,PHASE07-FULL-CADENCE,1,derd_geometric,1.0,0.27274336321978865,[],development
PHASE07-FULL-CADENCE:derd_geometric:0010,PHASE07-FULL-CADENCE,1,derd_geometric,1.0,4.004725571966378,"['ROOT_OUTSIDE_PHYSICAL_Q_DOMAIN', 'AMPLITUDE_RATIO_EXTREME']",development
PHASE07-FULL-CADENCE:derd_geometric:0011,PHASE07-FULL-CADENCE,1,derd_geometric,1.0,0.3707989333697338,[],development
PHASE07-FULL-CADENCE:derd_geometric:0012,PHASE07-FULL-CADENCE,1,derd_geometric,1.0,0.36025150696075153,[],development
PHASE07-FULL-CADENCE:derd_geometric:0013,PHASE07-FULL-CADENCE,1,derd_geometric,1.0,0.19117869731939877,[],development
PHASE07-FULL-CADENCE:derd_geometric:0014,PHASE07-FULL-CADENCE,1,derd_geometric,1.0,0.7791802500509437,['RESIDUE_PHASE_CONSTRAINT_WEAK'],development
PHASE07-FULL-CADENCE:derd_geometric:0015,PHASE07-FULL-CADENCE,1,derd_geometric,1.0,1.3992561405244055,['RESIDUE_PHASE_CONSTRAINT_WEAK'],development
PHASE07-FULL-CADENCE:derd_geometric:0016,PHASE07-FULL-CADENCE,1,derd_geometric,1.0,0.2338784713000598,[],holdout
PHASE07-FULL-CADENCE:derd_geometric:0017,PHASE07-FULL-CADENCE,1,derd_geometric,1.0,0.3684634209643063,[],development
PHASE07-FULL-CADENCE:derd_geometric:0018,PHASE07-FULL-CADENCE,1,derd_geometric,1.0,0.19054645337213227,[],development
PHASE07-FULL-CADENCE:derd_geometric:0019,PHASE07-FULL-CADENCE,1,derd_geometric,1.0,1.6331785736662812,['RESIDUE_PHASE_CONSTRAINT_WEAK'],development
PHASE07-FULL-CADENCE:derd_geometric:0020,PHASE07-FULL-CADENCE,1,derd_geometric,1.0,0.5781407750810892,['RESIDUE_PHASE_CONSTRAINT_WEAK'],holdout
PHASE07-FULL-CADENCE:derd_geometric:0021,PHASE07-FULL-CADENCE,1,derd_geometric,1.0,0.3848541011738146,['RESIDUE_PHASE_CONSTRAINT_WEAK'],development
PHASE07-FULL-CADENCE:derd_geometric:0022,PHASE07-FULL-CADENCE,1,derd_geometric,1.0,1.130122387509331,['RESIDUE_PHASE_CONSTRAINT_WEAK'],development
PHASE07-FULL-CADENCE:derd_geometric:0023,PHASE07-FULL-CADENCE,1,derd_geometric,1.0,0.9667913743039043,"['RESIDUE_SIGN_CONSTRAINT_FAILED', 'RESIDUE_PHASE_CONSTRAINT_WEAK']",holdout
PHASE07-FULL-CADENCE:derd_geometric:0024,PHASE07-FULL-CADENCE,1,derd_geometric,1.0,13.38056400996299,"['ROOT_OUTSIDE_PHYSICAL_Q_DOMAIN', 'RESIDUE_PHASE_CONSTRAINT_WEAK', 'AMPLITUDE_RATIO_EXTREME']",holdout
PHASE07-FULL-CADENCE:derd_geometric:0025,PHASE07-FULL-CADENCE,1,derd_geometric,1.0,0.8619022923538584,['RESIDUE_PHASE_CONSTRAINT_WEAK'],development
PHASE07-FULL-CADENCE:derd_geometric:0026,PHASE07-FULL-CADENCE,1,derd_geometric,1.0,0.7107867418848793,['RESIDUE_PHASE_CONSTRAINT_WEAK'],development
PHASE07-FULL-CADENCE:derd_geometric:0027,PHASE07-FULL-CADENCE,1,derd_geometric,1.0,0.13764732040523248,[],holdout
PHASE07-FULL-CADENCE:derd_geometric:0028,PHASE07-FULL-CADENCE,1,derd_geometric,1.0,2.1591876745979195,"['RESIDUE_SIGN_CONSTRAINT_FAILED', 'RESIDUE_PHASE_CONSTRAINT_WEAK']",development
PHASE07-FULL-CADENCE:derd_geometric:0029,PHASE07-FULL-CADENCE,1,derd_geometric,1.0,0.7999425237100694,['RESIDUE_PHASE_CONSTRAINT_WEAK'],development
PHASE07-FULL-CADENCE:derd_geometric:0030,PHASE07-FULL-CADENCE,1,derd_geometric,1.0,0.5937444716433788,['RESIDUE_PHASE_CONSTRAINT_WEAK'],development
PHASE07-FULL-CADENCE:derd_geometric:0031,PHASE07-FULL-CADENCE,1,derd_geometric,1.0,1.4085809652713126,['RESIDUE_PHASE_CONSTRAINT_WEAK'],development
PHASE07-FULL-CADENCE:derd_geometric:0032,PHASE07-FULL-CADENCE,1,derd_geometric,1.0,0.3232634747617561,[],development
PHASE07-FULL-CADENCE:derd_geometric:0033,PHASE07-FULL-CADENCE,1,derd_geometric,1.0,0.5103010932626552,[],holdout
PHASE07-FULL-CADENCE:derd_geometric:0034,PHASE07-FULL-CADENCE,1,derd_geometric,1.0,0.31481612431790046,[],development
PHASE07-FULL-CADENCE:derd_geometric:0035,PHASE07-FULL-CADENCE,1,derd_geometric,1.0,0.39712220267821935,[],holdout
PHASE07-FULL-CADENCE:derd_geometric:0036,PHASE07-FULL-CADENCE,1,derd_geometric,1.0,0.25030174524709264,[],development
PHASE07-FULL-CADENCE:derd_geometric:0037,PHASE07-FULL-CADENCE,1,derd_geometric,1.0,0.572693067673112,['RESIDUE_PHASE_CONSTRAINT_WEAK'],development
PHASE07-FULL-CADENCE:derd_geometric:0038,PHASE07-FULL-CADENCE,1,derd_geometric,1.0,1.1474366753382284,['RESIDUE_PHASE_CONSTRAINT_WEAK'],holdout
PHASE07-FULL-CADENCE:derd_geometric:0039,PHASE07-FULL-CADENCE,1,derd_geometric,1.0,0.1576473542351397,[],development
PHASE07-FULL-CADENCE:derd_geometric:0040,PHASE07-FULL-CADENCE,1,derd_geometric,1.0,0.4735300638088588,['RESIDUE_PHASE_CONSTRAINT_WEAK'],development
PHASE07-FULL-CADENCE:derd_geometric:0041,PHASE07-FULL-CADENCE,1,derd_geometric,1.0,0.941197737577828,['RESIDUE_PHASE_CONSTRAINT_WEAK'],development
PHASE07-FULL-CADENCE:derd_geometric:0042,PHASE07-FULL-CADENCE,1,derd_geometric,1.0,0.30952732861564664,[],development
PHASE07-FULL-CADENCE:derd_geometric:0043,PHASE07-FULL-CADENCE,1,derd_geometric,1.0,2.8229213373043867,"['ROOT_OUTSIDE_PHYSICAL_Q_DOMAIN', 'RESIDUE_SIGN_CONSTRAINT_FAILED', 'RESIDUE_PHASE_CONSTRAINT_WEAK', 'AMPLITUDE_RATIO_EXTREME']",holdout
PHASE07-FULL-CADENCE:derd_geometric:0044,PHASE07-FULL-CADENCE,1,derd_geometric,1.0,0.2744366452748394,[],development
PHASE07-FULL-CADENCE:derd_geometric:0045,PHASE07-FULL-CADENCE,1,derd_geometric,1.0,1.9290424918353626,"['RESIDUE_SIGN_CONSTRAINT_FAILED', 'RESIDUE_PHASE_CONSTRAINT_WEAK']",development
PHASE07-FULL-CADENCE:derd_geometric:0046,PHASE07-FULL-CADENCE,1,derd_geometric,1.0,0.6636040639218281,['RESIDUE_PHASE_CONSTRAINT_WEAK'],development
PHASE07-FULL-CADENCE:derd_geometric:0047,PHASE07-FULL-CADENCE,1,derd_geometric,1.0,0.655187110676646,['RESIDUE_PHASE_CONSTRAINT_WEAK'],holdout
PHASE07-FULL-CADENCE:derd_geometric:0048,PHASE07-FULL-CADENCE,1,derd_geometric,1.0,1.0569500358735657,"['RESIDUE_SIGN_CONSTRAINT_FAILED', 'RESIDUE_PHASE_CONSTRAINT_WEAK']",holdout
PHASE07-FULL-CADENCE:derd_geometric:0049,PHASE07-FULL-CADENCE,1,derd_geometric,1.0,1.0670646428500443,"['RESIDUE_SIGN_CONSTRAINT_FAILED', 'RESIDUE_PHASE_CONSTRAINT_WEAK']",development
PHASE07-FULL-CADENCE:derd_geometric:0050,PHASE07-FULL-CADENCE,1,derd_geometric,1.0,1.033829631143848,['RESIDUE_PHASE_CONSTRAINT_WEAK'],holdout
PHASE07-FULL-CADENCE:derd_geometric:0051,PHASE07-FULL-CADENCE,1,derd_geometric,1.0,1.0164362547838028,"['RESIDUE_SIGN_CONSTRAINT_FAILED', 'RESIDUE_PHASE_CONSTRAINT_WEAK']",development
PHASE07-FULL-CADENCE:derd_geometric:0052,PHASE07-FULL-CADENCE,1,derd_geometric,1.0,3.1071885004438355,"['ROOT_OUTSIDE_PHYSICAL_Q_DOMAIN', 'RESIDUE_PHASE_CONSTRAINT_WEAK', 'AMPLITUDE_RATIO_EXTREME']",development
PHASE07-FULL-CADENCE:derd_geometric:0053,PHASE07-FULL-CADENCE,1,derd_geometric,1.0,1.4518198031584215,"['RESIDUE_SIGN_CONSTRAINT_FAILED', 'RESIDUE_PHASE_CONSTRAINT_WEAK']",development
PHASE07-FULL-CADENCE:derd_geometric:0054,PHASE07-FULL-CADENCE,1,derd_geometric,1.0,1.5517511663432069,['RESIDUE_PHASE_CONSTRAINT_WEAK'],development
PHASE07-FULL-CADENCE:derd_geometric:0055,PHASE07-FULL-CADENCE,1,derd_geometric,1.0,0.4913932416491203,[],development
PHASE07-FULL-CADENCE:derd_geometric:0056,PHASE07-FULL-CADENCE,1,derd_geometric,1.0,0.36984103338758123,[],development
PHASE07-FULL-CADENCE:derd_geometric:0057,PHASE07-FULL-CADENCE,1,derd_geometric,1.0,0.5816377224540381,['RESIDUE_PHASE_CONSTRAINT_WEAK'],development
PHASE07-FULL-CADENCE:derd_geometric:0058,PHASE07-FULL-CADENCE,1,derd_geometric,1.0,0.5675890024096278,[],holdout
PHASE07-FULL-CADENCE:derd_geometric:0059,PHASE07-FULL-CADENCE,1,derd_geometric,1.0,19.10011920907507,"['ROOT_OUTSIDE_PHYSICAL_Q_DOMAIN', 'AMPLITUDE_RATIO_EXTREME']",holdout
PHASE07-FULL-CADENCE:derd_geometric:0060,PHASE07-FULL-CADENCE,1,derd_geometric,1.0,5.550877162071419,"['ROOT_OUTSIDE_PHYSICAL_Q_DOMAIN', 'RESIDUE_PHASE_CONSTRAINT_WEAK', 'AMPLITUDE_RATIO_EXTREME']",holdout
PHASE07-FULL-CADENCE:derd_geometric:0061,PHASE07-FULL-CADENCE,1,derd_geometric,1.0,0.6992993272957677,['RESIDUE_PHASE_CONSTRAINT_WEAK'],development
PHASE07-FULL-CADENCE:derd_geometric:0062,PHASE07-FULL-CADENCE,1,derd_geometric,1.0,0.4037981098998104,[],development
PHASE07-FULL-CADENCE:derd_geometric:0063,PHASE07-FULL-CADENCE,1,derd_geometric,1.0,1.696420416583182,['RESIDUE_PHASE_CONSTRAINT_WEAK'],development
PHASE07-FULL-CADENCE:derd_geometric:0064,PHASE07-FULL-CADENCE,1,derd_geometric,1.0,1.1392053809884741,['RESIDUE_PHASE_CONSTRAINT_WEAK'],development
PHASE07-FULL-CADENCE:derd_geometric:0065,PHASE07-FULL-CADENCE,1,derd_geometric,1.0,0.5859067520108615,['RESIDUE_PHASE_CONSTRAINT_WEAK'],holdout
PHASE07-FULL-CADENCE:derd_geometric:0066,PHASE07-FULL-CADENCE,1,derd_geometric,1.0,0.4144064041377954,[],development
PHASE07-FULL-CADENCE:derd_geometric:0067,PHASE07-FULL-CADENCE,1,derd_geometric,1.0,0.2602592773309936,[],holdout
PHASE07-FULL-CADENCE:derd_geometric:0068,PHASE07-FULL-CADENCE,1,derd_geometric,1.0,0.34295090875355355,['RESIDUE_PHASE_CONSTRAINT_WEAK'],development
PHASE07-FULL-CADENCE:derd_geometric:0069,PHASE07-FULL-CADENCE,1,derd_geometric,1.0,0.9877206065136032,['RESIDUE_PHASE_CONSTRAINT_WEAK'],holdout
PHASE07-FULL-CADENCE:derd_geometric:0070,PHASE07-FULL-CADENCE,1,derd_geometric,1.0,0.6572884470198832,['RESIDUE_PHASE_CONSTRAINT_WEAK'],development
PHASE07-FULL-CADENCE:derd_geometric:0071,PHASE07-FULL-CADENCE,1,derd_geometric,1.0,0.27141738144119026,[],development
PHASE07-FULL-CADENCE:derd_geometric:0072,PHASE07-FULL-CADENCE,1,derd_geometric,1.0,0.3406203437296521,[],holdout
PHASE07-FULL-CADENCE:derd_geometric:0073,PHASE07-FULL-CADENCE,1,derd_geometric,1.0,0.22505495254219748,[],holdout
PHASE07-FULL-CADENCE:derd_geometric:0074,PHASE07-FULL-CADENCE,1,derd_geometric,1.0,1.8361882120858557,"['RESIDUE_SIGN_CONSTRAINT_FAILED', 'RESIDUE_PHASE_CONSTRAINT_WEAK']",holdout
PHASE07-FULL-CADENCE:derd_geometric:0075,PHASE07-FULL-CADENCE,1,derd_geometric,1.0,1.5812230450511875,['RESIDUE_PHASE_CONSTRAINT_WEAK'],development
PHASE07-FULL-CADENCE:derd_geometric:0076,PHASE07-FULL-CADENCE,1,derd_geometric,1.0,0.7070392784601089,['RESIDUE_PHASE_CONSTRAINT_WEAK'],development
PHASE07-FULL-CADENCE:derd_geometric:0077,PHASE07-FULL-CADENCE,1,derd_geometric,1.0,1.048004945314091,"['RESIDUE_SIGN_CONSTRAINT_FAILED', 'RESIDUE_PHASE_CONSTRAINT_WEAK']",development
PHASE07-FULL-CADENCE:derd_geometric:0078,PHASE07-FULL-CADENCE,1,derd_geometric,1.0,0.23696210460363015,[],development
PHASE07-FULL-CADENCE:derd_geometric:0079,PHASE07-FULL-CADENCE,1,derd_geometric,1.0,2.024708275664223,"['RESIDUE_SIGN_CONSTRAINT_FAILED', 'RESIDUE_PHASE_CONSTRAINT_WEAK']",holdout
PHASE07-FULL-CADENCE:derd_geometric:0080,PHASE07-FULL-CADENCE,1,derd_geometric,1.0,1.2042699892163424,['RESIDUE_PHASE_CONSTRAINT_WEAK'],development
PHASE07-FULL-CADENCE:derd_geometric:0081,PHASE07-FULL-CADENCE,1,derd_geometric,1.0,1.4132887358055877,"['RESIDUE_SIGN_CONSTRAINT_FAILED', 'RESIDUE_PHASE_CONSTRAINT_WEAK']",development
PHASE07-FULL-CADENCE:derd_geometric:0082,PHASE07-FULL-CADENCE,1,derd_geometric,1.0,0.5881706558960168,['RESIDUE_PHASE_CONSTRAINT_WEAK'],development
PHASE07-FULL-CADENCE:derd_geometric:0083,PHASE07-FULL-CADENCE,1,derd_geometric,1.0,0.23986842248817397,[],development
PHASE07-FULL-CADENCE:derd_geometric:0084,PHASE07-FULL-CADENCE,1,derd_geometric,1.0,0.24702938603103736,[],holdout
PHASE07-FULL-CADENCE:derd_geometric:0085,PHASE07-FULL-CADENCE,1,derd_geometric,1.0,0.971955280306671,['RESIDUE_SIGN_CONSTRAINT_FAILED'],development
PHASE07-FULL-CADENCE:derd_geometric:0086,PHASE07-FULL-CADENCE,1,derd_geometric,1.0,0.23907447178077215,[],development
PHASE07-FULL-CADENCE:derd_geometric:0087,PHASE07-FULL-CADENCE,1,derd_geometric,1.0,0.6606181054243465,['RESIDUE_PHASE_CONSTRAINT_WEAK'],holdout
PHASE07-FULL-CADENCE:derd_geometric:0088,PHASE07-FULL-CADENCE,1,derd_geometric,1.0,0.35794533434218084,[],development
PHASE07-FULL-CADENCE:derd_geometric:0089,PHASE07-FULL-CADENCE,1,derd_geometric,1.0,0.141292305023968,[],development
PHASE07-FULL-CADENCE:derd_geometric:0090,PHASE07-FULL-CADENCE,1,derd_geometric,1.0,1.8213876698571152,"['RESIDUE_SIGN_CONSTRAINT_FAILED', 'RESIDUE_PHASE_CONSTRAINT_WEAK']",holdout
PHASE07-FULL-CADENCE:derd_geometric:0091,PHASE07-FULL-CADENCE,1,derd_geometric,1.0,0.6620677719852567,['RESIDUE_PHASE_CONSTRAINT_WEAK'],development
PHASE07-FULL-CADENCE:derd_geometric:0092,PHASE07-FULL-CADENCE,1,derd_geometric,1.0,0.280585777740648,[],development
PHASE07-FULL-CADENCE:derd_geometric:0093,PHASE07-FULL-CADENCE,1,derd_geometric,1.0,0.9727506676230295,['RESIDUE_SIGN_CONSTRAINT_FAILED'],holdout
PHASE07-FULL-CADENCE:derd_geometric:0094,PHASE07-FULL-CADENCE,1,derd_geometric,1.0,0.6083304382962555,[],development
PHASE07-FULL-CADENCE:derd_geometric:0095,PHASE07-FULL-CADENCE,1,derd_geometric,1.0,0.9500216285413831,['RESIDUE_PHASE_CONSTRAINT_WEAK'],development
PHASE07-FULL-CADENCE:derd_geometric:0096,PHASE07-FULL-CADENCE,1,derd_geometric,1.0,0.5298791638431417,['RESIDUE_PHASE_CONSTRAINT_WEAK'],development
PHASE07-FULL-CADENCE:derd_geometric:0097,PHASE07-FULL-CADENCE,1,derd_geometric,1.0,0.8324533490692656,['RESIDUE_PHASE_CONSTRAINT_WEAK'],development
PHASE07-FULL-CADENCE:derd_geometric:0098,PHASE07-FULL-CADENCE,1,derd_geometric,1.0,1.5142424499556744,"['RESIDUE_SIGN_CONSTRAINT_FAILED', 'RESIDUE_PHASE_CONSTRAINT_WEAK']",holdout
PHASE07-FULL-CADENCE:derd_geometric:0099,PHASE07-FULL-CADENCE,1,derd_geometric,1.0,0.12167112498679787,[],development
PHASE07-FULL-CADENCE:derd_geometric:0100,PHASE07-FULL-CADENCE,1,derd_geometric,1.0,0.3465896002113129,[],development
PHASE07-FULL-CADENCE:derd_geometric:0101,PHASE07-FULL-CADENCE,1,derd_geometric,1.0,0.513641486909297,['RESIDUE_PHASE_CONSTRAINT_WEAK'],development
PHASE07-FULL-CADENCE:derd_geometric:0102,PHASE07-FULL-CADENCE,1,derd_geometric,1.0,0.6012292256204723,['RESIDUE_PHASE_CONSTRAINT_WEAK'],development
PHASE07-FULL-CADENCE:derd_geometric:0103,PHASE07-FULL-CADENCE,1,derd_geometric,1.0,1.7973066415732226,"['ROOT_OUTSIDE_PHYSICAL_Q_DOMAIN', 'RESIDUE_PHASE_CONSTRAINT_WEAK', 'AMPLITUDE_RATIO_EXTREME']",development
PHASE07-FULL-CADENCE:derd_geometric:0104,PHASE07-FULL-CADENCE,1,derd_geometric,1.0,0.9199366599769694,['RESIDUE_SIGN_CONSTRAINT_FAILED'],development
PHASE07-FULL-CADENCE:derd_geometric:0105,PHASE07-FULL-CADENCE,1,derd_geometric,1.0,0.8464222354945293,['RESIDUE_SIGN_CONSTRAINT_FAILED'],development
PHASE07-FULL-CADENCE:derd_geometric:0106,PHASE07-FULL-CADENCE,1,derd_geometric,1.0,4.098744208477926,"['RESIDUE_SIGN_CONSTRAINT_FAILED', 'RESIDUE_PHASE_CONSTRAINT_WEAK']",holdout
PHASE07-FULL-CADENCE:derd_geometric:0107,PHASE07-FULL-CADENCE,1,derd_geometric,1.0,0.5530361488649583,['RESIDUE_PHASE_CONSTRAINT_WEAK'],development
PHASE07-FULL-CADENCE:derd_geometric:0108,PHASE07-FULL-CADENCE,1,derd_geometric,1.0,0.44755237654054975,['RESIDUE_PHASE_CONSTRAINT_WEAK'],development
PHASE07-FULL-CADENCE:derd_geometric:0109,PHASE07-FULL-CADENCE,1,derd_geometric,1.0,0.9466320723469906,['RESIDUE_PHASE_CONSTRAINT_WEAK'],development
PHASE07-FULL-CADENCE:derd_geometric:0110,PHASE07-FULL-CADENCE,1,derd_geometric,1.0,0.4405080024859666,[],holdout
PHASE07-FULL-CADENCE:derd_geometric:0111,PHASE07-FULL-CADENCE,1,derd_geometric,1.0,0.2447146200848856,[],development
PHASE07-FULL-CADENCE:derd_geometric:0112,PHASE07-FULL-CADENCE,1,derd_geometric,1.0,1.1713852788893608,"['RESIDUE_SIGN_CONSTRAINT_FAILED', 'RESIDUE_PHASE_CONSTRAINT_WEAK']",development
PHASE07-FULL-CADENCE:derd_geometric:0113,PHASE07-FULL-CADENCE,1,derd_geometric,1.0,0.26294078475225097,[],development
PHASE07-FULL-CADENCE:derd_geometric:0114,PHASE07-FULL-CADENCE,1,derd_geometric,1.0,0.3911534105658133,[],holdout
PHASE07-FULL-CADENCE:derd_geometric:0115,PHASE07-FULL-CADENCE,1,derd_geometric,1.0,0.5979124253207837,['RESIDUE_PHASE_CONSTRAINT_WEAK'],development
PHASE07-FULL-CADENCE:derd_geometric:0116,PHASE07-FULL-CADENCE,1,derd_geometric,1.0,1.080926236181006,['RESIDUE_PHASE_CONSTRAINT_WEAK'],development
PHASE07-FULL-CADENCE:derd_geometric:0117,PHASE07-FULL-CADENCE,1,derd_geometric,1.0,0.5169877297253542,['RESIDUE_PHASE_CONSTRAINT_WEAK'],development
PHASE07-FULL-CADENCE:derd_geometric:0118,PHASE07-FULL-CADENCE,1,derd_geometric,1.0,1.3808005915285524,"['RESIDUE_SIGN_CONSTRAINT_FAILED', 'RESIDUE_PHASE_CONSTRAINT_WEAK']",development
PHASE07-FULL-CADENCE:derd_geometric:0119,PHASE07-FULL-CADENCE,1,derd_geometric,1.0,7.369407407316867,"['ROOT_OUTSIDE_PHYSICAL_Q_DOMAIN', 'RESIDUE_SIGN_CONSTRAINT_FAILED', 'RESIDUE_PHASE_CONSTRAINT_WEAK', 'AMPLITUDE_RATIO_EXTREME']",holdout
PHASE07-FULL-CADENCE:derd_geometric:0120,PHASE07-FULL-CADENCE,1,derd_geometric,1.0,0.35074112937104446,[],development
PHASE07-FULL-CADENCE:derd_geometric:0121,PHASE07-FULL-CADENCE,1,derd_geometric,1.0,0.2460634478820578,[],development
PHASE07-FULL-CADENCE:derd_geometric:0122,PHASE07-FULL-CADENCE,1,derd_geometric,1.0,0.3686943146066952,['RESIDUE_PHASE_CONSTRAINT_WEAK'],holdout
PHASE07-FULL-CADENCE:derd_geometric:0123,PHASE07-FULL-CADENCE,1,derd_geometric,1.0,0.917287072730509,['RESIDUE_PHASE_CONSTRAINT_WEAK'],development
PHASE07-FULL-CADENCE:derd_geometric:0124,PHASE07-FULL-CADENCE,1,derd_geometric,1.0,0.6543461094150854,['RESIDUE_PHASE_CONSTRAINT_WEAK'],holdout
PHASE07-FULL-CADENCE:derd_geometric:0125,PHASE07-FULL-CADENCE,1,derd_geometric,1.0,0.3906676696047151,[],development
PHASE07-FULL-CADENCE:derd_geometric:0126,PHASE07-FULL-CADENCE,1,derd_geometric,1.0,0.30131194206681317,[],development
PHASE07-FULL-CADENCE:derd_geometric:0127,PHASE07-FULL-CADENCE,1,derd_geometric,1.0,0.19770588697770206,[],development
PHASE07-FULL-CADENCE:derd_geometric:0128,PHASE07-FULL-CADENCE,1,derd_geometric,1.0,0.7071545599582257,['RESIDUE_PHASE_CONSTRAINT_WEAK'],development
PHASE07-FULL-CADENCE:derd_geometric:0129,PHASE07-FULL-CADENCE,1,derd_geometric,1.0,0.2085161400355642,[],holdout
PHASE07-FULL-CADENCE:derd_geometric:0130,PHASE07-FULL-CADENCE,1,derd_geometric,1.0,0.11796081699542117,[],development
PHASE07-FULL-CADENCE:derd_geometric:0131,PHASE07-FULL-CADENCE,1,derd_geometric,1.0,7.724204046805994,"['ROOT_OUTSIDE_PHYSICAL_Q_DOMAIN', 'RESIDUE_PHASE_CONSTRAINT_WEAK', 'AMPLITUDE_RATIO_EXTREME']",holdout
PHASE07-FULL-CADENCE:derd_geometric:0132,PHASE07-FULL-CADENCE,1,derd_geometric,1.0,0.8860442803608845,['RESIDUE_PHASE_CONSTRAINT_WEAK'],development
PHASE07-FULL-CADENCE:derd_geometric:0133,PHASE07-FULL-CADENCE,1,derd_geometric,1.0,2.185781439805798,"['RESIDUE_SIGN_CONSTRAINT_FAILED', 'RESIDUE_PHASE_CONSTRAINT_WEAK']",development
PHASE07-FULL-CADENCE:derd_geometric:0134,PHASE07-FULL-CADENCE,1,derd_geometric,1.0,13.79020365740743,"['ROOT_OUTSIDE_PHYSICAL_Q_DOMAIN', 'RESIDUE_SIGN_CONSTRAINT_FAILED', 'RESIDUE_PHASE_CONSTRAINT_WEAK', 'AMPLITUDE_RATIO_EXTREME']",development
PHASE07-FULL-CADENCE:derd_geometric:0135,PHASE07-FULL-CADENCE,1,derd_geometric,1.0,1.3337526470090515,['RESIDUE_PHASE_CONSTRAINT_WEAK'],development
PHASE07-FULL-CADENCE:derd_geometric:0136,PHASE07-FULL-CADENCE,1,derd_geometric,1.0,0.5333052423815478,[],development
PHASE07-FULL-CADENCE:derd_geometric:0137,PHASE07-FULL-CADENCE,1,derd_geometric,1.0,1.0328879292916715,['RESIDUE_PHASE_CONSTRAINT_WEAK'],development
PHASE07-FULL-CADENCE:derd_geometric:0138,PHASE07-FULL-CADENCE,1,derd_geometric,1.0,1.8796044792049609,"['RESIDUE_SIGN_CONSTRAINT_FAILED', 'RESIDUE_PHASE_CONSTRAINT_WEAK']",development
PHASE07-FULL-CADENCE:derd_geometric:0139,PHASE07-FULL-CADENCE,1,derd_geometric,1.0,0.7766817911522511,['RESIDUE_PHASE_CONSTRAINT_WEAK'],development
PHASE07-FULL-CADENCE:derd_geometric:0140,PHASE07-FULL-CADENCE,1,derd_geometric,1.0,24.704881909184518,"['ROOT_OUTSIDE_PHYSICAL_Q_DOMAIN', 'RESIDUE_SIGN_CONSTRAINT_FAILED', 'RESIDUE_PHASE_CONSTRAINT_WEAK', 'AMPLITUDE_RATIO_EXTREME']",development
PHASE07-FULL-CADENCE:derd_geometric:0141,PHASE07-FULL-CADENCE,1,derd_geometric,1.0,0.7712449029965144,[],holdout
PHASE07-FULL-CADENCE:derd_geometric:0142,PHASE07-FULL-CADENCE,1,derd_geometric,1.0,0.23521852898910375,[],development
PHASE07-FULL-CADENCE:derd_geometric:0143,PHASE07-FULL-CADENCE,1,derd_geometric,1.0,1.3759668805822622,['RESIDUE_PHASE_CONSTRAINT_WEAK'],holdout
PHASE07-FULL-CADENCE:derd_geometric:0144,PHASE07-FULL-CADENCE,1,derd_geometric,1.0,0.41801380773594216,[],development
PHASE07-FULL-CADENCE:derd_geometric:0145,PHASE07-FULL-CADENCE,1,derd_geometric,1.0,0.5098309975488416,['RESIDUE_PHASE_CONSTRAINT_WEAK'],development
PHASE07-FULL-CADENCE:derd_geometric:0146,PHASE07-FULL-CADENCE,1,derd_geometric,1.0,1.4926928331506175,['RESIDUE_PHASE_CONSTRAINT_WEAK'],development
PHASE07-FULL-CADENCE:derd_geometric:0147,PHASE07-FULL-CADENCE,1,derd_geometric,1.0,0.21424968066781122,[],development
PHASE07-FULL-CADENCE:derd_geometric:0148,PHASE07-FULL-CADENCE,1,derd_geometric,1.0,1.842191320045012,"['RESIDUE_SIGN_CONSTRAINT_FAILED', 'RESIDUE_PHASE_CONSTRAINT_WEAK']",development
PHASE07-FULL-CADENCE:derd_geometric:0149,PHASE07-FULL-CADENCE,1,derd_geometric,1.0,0.8978916825462823,['RESIDUE_PHASE_CONSTRAINT_WEAK'],development
PHASE07-FULL-CADENCE:derd_geometric:0150,PHASE07-FULL-CADENCE,1,derd_geometric,1.0,0.41856530883360016,['RESIDUE_PHASE_CONSTRAINT_WEAK'],development
PHASE07-FULL-CADENCE:derd_geometric:0151,PHASE07-FULL-CADENCE,1,derd_geometric,1.0,0.21065114189727455,[],holdout
PHASE07-FULL-CADENCE:derd_geometric:0152,PHASE07-FULL-CADENCE,1,derd_geometric,1.0,0.9925653985313208,['RESIDUE_PHASE_CONSTRAINT_WEAK'],development
PHASE07-FULL-CADENCE:derd_geometric:0153,PHASE07-FULL-CADENCE,1,derd_geometric,1.0,1.580835892750044,['RESIDUE_PHASE_CONSTRAINT_WEAK'],holdout
PHASE07-FULL-CADENCE:derd_geometric:0154,PHASE07-FULL-CADENCE,1,derd_geometric,1.0,0.48424729836467256,['RESIDUE_PHASE_CONSTRAINT_WEAK'],holdout
PHASE07-FULL-CADENCE:derd_geometric:0155,PHASE07-FULL-CADENCE,1,derd_geometric,1.0,0.31988273698149133,[],development
PHASE07-FULL-CADENCE:derd_geometric:0156,PHASE07-FULL-CADENCE,1,derd_geometric,1.0,0.6471671390212511,['RESIDUE_PHASE_CONSTRAINT_WEAK'],development
PHASE07-FULL-CADENCE:derd_geometric:0157,PHASE07-FULL-CADENCE,1,derd_geometric,1.0,0.983498607811124,[],development
PHASE07-FULL-CADENCE:derd_geometric:0158,PHASE07-FULL-CADENCE,1,derd_geometric,1.0,0.3363630967134837,[],development
PHASE07-FULL-CADENCE:derd_geometric:0159,PHASE07-FULL-CADENCE,1,derd_geometric,1.0,0.22249840673030707,[],development
PHASE07-FULL-CADENCE:phase_scrambled_derd:0000,PHASE07-FULL-CADENCE,0,phase_scrambled_derd,1.0,0.8925606344951496,['RESIDUE_PHASE_CONSTRAINT_WEAK'],holdout
PHASE07-FULL-CADENCE:generic_fourier:0001,PHASE07-FULL-CADENCE,0,generic_fourier,1.0,1.3472950414211171,['RESIDUE_PHASE_CONSTRAINT_WEAK'],development
PHASE07-FULL-CADENCE:phase_scrambled_derd:0002,PHASE07-FULL-CADENCE,0,phase_scrambled_derd,1.0,3.9071849409743273,"['ROOT_OUTSIDE_PHYSICAL_Q_DOMAIN', 'RESIDUE_SIGN_CONSTRAINT_FAILED', 'RESIDUE_PHASE_CONSTRAINT_WEAK', 'AMPLITUDE_RATIO_EXTREME']",development
PHASE07-FULL-CADENCE:generic_fourier:0003,PHASE07-FULL-CADENCE,0,generic_fourier,1.0,5.764497450608432,"['ROOT_OUTSIDE_PHYSICAL_Q_DOMAIN', 'RESIDUE_PHASE_CONSTRAINT_WEAK', 'AMPLITUDE_RATIO_EXTREME']",development
PHASE07-FULL-CADENCE:phase_scrambled_derd:0004,PHASE07-FULL-CADENCE,0,phase_scrambled_derd,1.0,0.7834306080617727,['RESIDUE_PHASE_CONSTRAINT_WEAK'],development
PHASE07-FULL-CADENCE:generic_fourier:0005,PHASE07-FULL-CADENCE,0,generic_fourier,1.0,2.053425045487342,"['RESIDUE_SIGN_CONSTRAINT_FAILED', 'RESIDUE_PHASE_CONSTRAINT_WEAK']",development
PHASE07-FULL-CADENCE:phase_scrambled_derd:0006,PHASE07-FULL-CADENCE,0,phase_scrambled_derd,1.0,1.9596796619588386,"['RESIDUE_SIGN_CONSTRAINT_FAILED', 'RESIDUE_PHASE_CONSTRAINT_WEAK']",development
PHASE07-FULL-CADENCE:generic_fourier:0007,PHASE07-FULL-CADENCE,0,generic_fourier,1.0,4.1058813652877815,"['ROOT_OUTSIDE_PHYSICAL_Q_DOMAIN', 'RESIDUE_PHASE_CONSTRAINT_WEAK', 'AMPLITUDE_RATIO_EXTREME']",development
PHASE07-FULL-CADENCE:phase_scrambled_derd:0008,PHASE07-FULL-CADENCE,0,phase_scrambled_derd,1.0,3.685777016085572,"['ROOT_OUTSIDE_PHYSICAL_Q_DOMAIN', 'RESIDUE_SIGN_CONSTRAINT_FAILED', 'RESIDUE_PHASE_CONSTRAINT_WEAK', 'AMPLITUDE_RATIO_EXTREME']",development
PHASE07-FULL-CADENCE:generic_fourier:0009,PHASE07-FULL-CADENCE,0,generic_fourier,1.0,3.0250072485113497,['RESIDUE_PHASE_CONSTRAINT_WEAK'],holdout
PHASE07-FULL-CADENCE:phase_scrambled_derd:0010,PHASE07-FULL-CADENCE,0,phase_scrambled_derd,1.0,1.821941347753405,"['RESIDUE_SIGN_CONSTRAINT_FAILED', 'RESIDUE_PHASE_CONSTRAINT_WEAK']",development
PHASE07-FULL-CADENCE:generic_fourier:0011,PHASE07-FULL-CADENCE,0,generic_fourier,1.0,2.781736992327227,"['RESIDUE_SIGN_CONSTRAINT_FAILED', 'RESIDUE_PHASE_CONSTRAINT_WEAK']",holdout
PHASE07-FULL-CADENCE:phase_scrambled_derd:0012,PHASE07-FULL-CADENCE,0,phase_scrambled_derd,1.0,3.8944863025436094,"['RESIDUE_SIGN_CONSTRAINT_FAILED', 'RESIDUE_PHASE_CONSTRAINT_WEAK']",holdout
PHASE07-FULL-CADENCE:generic_fourier:0013,PHASE07-FULL-CADENCE,0,generic_fourier,1.0,2.1664823892513447,['RESIDUE_PHASE_CONSTRAINT_WEAK'],development
PHASE07-FULL-CADENCE:phase_scrambled_derd:0014,PHASE07-FULL-CADENCE,0,phase_scrambled_derd,1.0,4.355374074728314,"['ROOT_OUTSIDE_PHYSICAL_Q_DOMAIN', 'RESIDUE_SIGN_CONSTRAINT_FAILED', 'AMPLITUDE_RATIO_EXTREME']",development
PHASE07-FULL-CADENCE:generic_fourier:0015,PHASE07-FULL-CADENCE,0,generic_fourier,1.0,2.565295288100974,"['RESIDUE_SIGN_CONSTRAINT_FAILED', 'RESIDUE_PHASE_CONSTRAINT_WEAK']",development
PHASE07-FULL-CADENCE:phase_scrambled_derd:0016,PHASE07-FULL-CADENCE,0,phase_scrambled_derd,1.0,2.2771125765579625,"['RESIDUE_SIGN_CONSTRAINT_FAILED', 'RESIDUE_PHASE_CONSTRAINT_WEAK']",development
PHASE07-FULL-CADENCE:generic_fourier:0017,PHASE07-FULL-CADENCE,0,generic_fourier,1.0,2.2842960691607233,['RESIDUE_PHASE_CONSTRAINT_WEAK'],holdout
PHASE07-FULL-CADENCE:phase_scrambled_derd:0018,PHASE07-FULL-CADENCE,0,phase_scrambled_derd,1.0,0.9470386894744088,['RESIDUE_PHASE_CONSTRAINT_WEAK'],holdout
PHASE07-FULL-CADENCE:generic_fourier:0019,PHASE07-FULL-CADENCE,0,generic_fourier,1.0,2.5624451530503203,['RESIDUE_SIGN_CONSTRAINT_FAILED'],development
PHASE07-FULL-CADENCE:phase_scrambled_derd:0020,PHASE07-FULL-CADENCE,0,phase_scrambled_derd,1.0,2.052928601591249,"['RESIDUE_SIGN_CONSTRAINT_FAILED', 'RESIDUE_PHASE_CONSTRAINT_WEAK']",holdout
PHASE07-FULL-CADENCE:generic_fourier:0021,PHASE07-FULL-CADENCE,0,generic_fourier,1.0,21.71371858277791,"['ROOT_OUTSIDE_PHYSICAL_Q_DOMAIN', 'RESIDUE_PHASE_CONSTRAINT_WEAK']",development
PHASE07-FULL-CADENCE:phase_scrambled_derd:0022,PHASE07-FULL-CADENCE,0,phase_scrambled_derd,1.0,3.278833612475637,"['ROOT_OUTSIDE_PHYSICAL_Q_DOMAIN', 'RESIDUE_PHASE_CONSTRAINT_WEAK', 'AMPLITUDE_RATIO_EXTREME']",development
PHASE07-FULL-CADENCE:generic_fourier:0023,PHASE07-FULL-CADENCE,0,generic_fourier,1.0,23.52202916048731,"['ROOT_OUTSIDE_PHYSICAL_Q_DOMAIN', 'RESIDUE_SIGN_CONSTRAINT_FAILED', 'RESIDUE_PHASE_CONSTRAINT_WEAK', 'AMPLITUDE_RATIO_EXTREME']",development
PHASE07-FULL-CADENCE:phase_scrambled_derd:0024,PHASE07-FULL-CADENCE,0,phase_scrambled_derd,1.0,1.9131618754385644,"['RESIDUE_SIGN_CONSTRAINT_FAILED', 'RESIDUE_PHASE_CONSTRAINT_WEAK']",holdout
PHASE07-FULL-CADENCE:generic_fourier:0025,PHASE07-FULL-CADENCE,0,generic_fourier,1.0,58.06282071371402,"['ROOT_OUTSIDE_PHYSICAL_Q_DOMAIN', 'RESIDUE_SIGN_CONSTRAINT_FAILED', 'RESIDUE_PHASE_CONSTRAINT_WEAK', 'AMPLITUDE_RATIO_EXTREME']",holdout
PHASE07-FULL-CADENCE:phase_scrambled_derd:0026,PHASE07-FULL-CADENCE,0,phase_scrambled_derd,1.0,1.899150929633709,['RESIDUE_PHASE_CONSTRAINT_WEAK'],holdout
PHASE07-FULL-CADENCE:generic_fourier:0027,PHASE07-FULL-CADENCE,0,generic_fourier,1.0,2.751201243586343,['RESIDUE_PHASE_CONSTRAINT_WEAK'],development
PHASE07-FULL-CADENCE:phase_scrambled_derd:0028,PHASE07-FULL-CADENCE,0,phase_scrambled_derd,1.0,1.2385226349922294,"['RESIDUE_SIGN_CONSTRAINT_FAILED', 'RESIDUE_PHASE_CONSTRAINT_WEAK']",holdout
PHASE07-FULL-CADENCE:generic_fourier:0029,PHASE07-FULL-CADENCE,0,generic_fourier,1.0,2.0429900989336063,['RESIDUE_PHASE_CONSTRAINT_WEAK'],development
PHASE07-FULL-CADENCE:phase_scrambled_derd:0030,PHASE07-FULL-CADENCE,0,phase_scrambled_derd,1.0,1.9478503121557424,['RESIDUE_PHASE_CONSTRAINT_WEAK'],development
PHASE07-FULL-CADENCE:generic_fourier:0031,PHASE07-FULL-CADENCE,0,generic_fourier,1.0,2.487671813973196,"['RESIDUE_SIGN_CONSTRAINT_FAILED', 'RESIDUE_PHASE_CONSTRAINT_WEAK']",development
PHASE07-FULL-CADENCE:phase_scrambled_derd:0032,PHASE07-FULL-CADENCE,0,phase_scrambled_derd,1.0,1.1207544326191885,['RESIDUE_PHASE_CONSTRAINT_WEAK'],development
PHASE07-FULL-CADENCE:generic_fourier:0033,PHASE07-FULL-CADENCE,0,generic_fourier,1.0,3.0130445794316905,"['RESIDUE_SIGN_CONSTRAINT_FAILED', 'RESIDUE_PHASE_CONSTRAINT_WEAK']",development
PHASE07-FULL-CADENCE:phase_scrambled_derd:0034,PHASE07-FULL-CADENCE,0,phase_scrambled_derd,1.0,4.543092937735765,"['ROOT_OUTSIDE_PHYSICAL_Q_DOMAIN', 'RESIDUE_PHASE_CONSTRAINT_WEAK', 'AMPLITUDE_RATIO_EXTREME']",holdout
PHASE07-FULL-CADENCE:generic_fourier:0035,PHASE07-FULL-CADENCE,0,generic_fourier,1.0,2.421919640770753,"['RESIDUE_SIGN_CONSTRAINT_FAILED', 'RESIDUE_PHASE_CONSTRAINT_WEAK']",development
PHASE07-FULL-CADENCE:phase_scrambled_derd:0036,PHASE07-FULL-CADENCE,0,phase_scrambled_derd,1.0,0.9224595165223355,['RESIDUE_PHASE_CONSTRAINT_WEAK'],holdout
PHASE07-FULL-CADENCE:generic_fourier:0037,PHASE07-FULL-CADENCE,0,generic_fourier,1.0,2.7166483075515218,"['RESIDUE_SIGN_CONSTRAINT_FAILED', 'RESIDUE_PHASE_CONSTRAINT_WEAK']",holdout
PHASE07-FULL-CADENCE:phase_scrambled_derd:0038,PHASE07-FULL-CADENCE,0,phase_scrambled_derd,1.0,0.9574409272208839,"['RESIDUE_SIGN_CONSTRAINT_FAILED', 'RESIDUE_PHASE_CONSTRAINT_WEAK']",development
PHASE07-FULL-CADENCE:generic_fourier:0039,PHASE07-FULL-CADENCE,0,generic_fourier,1.0,5.804613772077592,"['ROOT_OUTSIDE_PHYSICAL_Q_DOMAIN', 'RESIDUE_SIGN_CONSTRAINT_FAILED', 'RESIDUE_PHASE_CONSTRAINT_WEAK', 'AMPLITUDE_RATIO_EXTREME']",development
PHASE07-FULL-CADENCE:phase_scrambled_derd:0040,PHASE07-FULL-CADENCE,0,phase_scrambled_derd,1.0,1.7745397827901719,['RESIDUE_SIGN_CONSTRAINT_FAILED'],holdout
PHASE07-FULL-CADENCE:generic_fourier:0041,PHASE07-FULL-CADENCE,0,generic_fourier,1.0,5.410472345105595,"['ROOT_OUTSIDE_PHYSICAL_Q_DOMAIN', 'RESIDUE_SIGN_CONSTRAINT_FAILED', 'RESIDUE_PHASE_CONSTRAINT_WEAK', 'AMPLITUDE_RATIO_EXTREME']",development
PHASE07-FULL-CADENCE:phase_scrambled_derd:0042,PHASE07-FULL-CADENCE,0,phase_scrambled_derd,1.0,2.0014312794891143,"['RESIDUE_SIGN_CONSTRAINT_FAILED', 'RESIDUE_PHASE_CONSTRAINT_WEAK']",development
PHASE07-FULL-CADENCE:generic_fourier:0043,PHASE07-FULL-CADENCE,0,generic_fourier,1.0,7.572578515657719,"['ROOT_OUTSIDE_PHYSICAL_Q_DOMAIN', 'RESIDUE_PHASE_CONSTRAINT_WEAK', 'AMPLITUDE_RATIO_EXTREME']",development
PHASE07-FULL-CADENCE:phase_scrambled_derd:0044,PHASE07-FULL-CADENCE,0,phase_scrambled_derd,1.0,5.7913218351081985,"['ROOT_OUTSIDE_PHYSICAL_Q_DOMAIN', 'RESIDUE_SIGN_CONSTRAINT_FAILED', 'RESIDUE_PHASE_CONSTRAINT_WEAK', 'AMPLITUDE_RATIO_EXTREME']",development
PHASE07-FULL-CADENCE:generic_fourier:0045,PHASE07-FULL-CADENCE,0,generic_fourier,1.0,10.477149002566412,"['ROOT_OUTSIDE_PHYSICAL_Q_DOMAIN', 'RESIDUE_SIGN_CONSTRAINT_FAILED', 'RESIDUE_PHASE_CONSTRAINT_WEAK', 'AMPLITUDE_RATIO_EXTREME']",holdout
PHASE07-FULL-CADENCE:phase_scrambled_derd:0046,PHASE07-FULL-CADENCE,0,phase_scrambled_derd,1.0,2.736355553070094,"['RESIDUE_SIGN_CONSTRAINT_FAILED', 'RESIDUE_PHASE_CONSTRAINT_WEAK']",development
PHASE07-FULL-CADENCE:generic_fourier:0047,PHASE07-FULL-CADENCE,0,generic_fourier,1.0,2.507522636826828,['RESIDUE_PHASE_CONSTRAINT_WEAK'],holdout
PHASE07-FULL-CADENCE:phase_scrambled_derd:0048,PHASE07-FULL-CADENCE,0,phase_scrambled_derd,1.0,2.0519300073260016,['RESIDUE_PHASE_CONSTRAINT_WEAK'],holdout
PHASE07-FULL-CADENCE:generic_fourier:0049,PHASE07-FULL-CADENCE,0,generic_fourier,1.0,8.16881678479986,"['ROOT_OUTSIDE_PHYSICAL_Q_DOMAIN', 'RESIDUE_SIGN_CONSTRAINT_FAILED', 'RESIDUE_PHASE_CONSTRAINT_WEAK', 'AMPLITUDE_RATIO_EXTREME']",development
PHASE07-FULL-CADENCE:phase_scrambled_derd:0050,PHASE07-FULL-CADENCE,0,phase_scrambled_derd,1.0,1.9244107770749672,"['RESIDUE_SIGN_CONSTRAINT_FAILED', 'RESIDUE_PHASE_CONSTRAINT_WEAK']",development
PHASE07-FULL-CADENCE:generic_fourier:0051,PHASE07-FULL-CADENCE,0,generic_fourier,1.0,2.6515070939521794,"['RESIDUE_SIGN_CONSTRAINT_FAILED', 'RESIDUE_PHASE_CONSTRAINT_WEAK']",holdout
PHASE07-FULL-CADENCE:phase_scrambled_derd:0052,PHASE07-FULL-CADENCE,0,phase_scrambled_derd,1.0,2.096378622778966,"['RESIDUE_SIGN_CONSTRAINT_FAILED', 'RESIDUE_PHASE_CONSTRAINT_WEAK']",development
PHASE07-FULL-CADENCE:generic_fourier:0053,PHASE07-FULL-CADENCE,0,generic_fourier,1.0,34.61354089395459,"['ROOT_OUTSIDE_PHYSICAL_Q_DOMAIN', 'RESIDUE_SIGN_CONSTRAINT_FAILED', 'RESIDUE_PHASE_CONSTRAINT_WEAK', 'AMPLITUDE_RATIO_EXTREME']",development
PHASE07-FULL-CADENCE:phase_scrambled_derd:0054,PHASE07-FULL-CADENCE,0,phase_scrambled_derd,1.0,5.27150067832413,"['ROOT_OUTSIDE_PHYSICAL_Q_DOMAIN', 'RESIDUE_SIGN_CONSTRAINT_FAILED', 'RESIDUE_PHASE_CONSTRAINT_WEAK', 'AMPLITUDE_RATIO_EXTREME']",development
PHASE07-FULL-CADENCE:generic_fourier:0055,PHASE07-FULL-CADENCE,0,generic_fourier,1.0,2.7160387522385485,"['RESIDUE_SIGN_CONSTRAINT_FAILED', 'RESIDUE_PHASE_CONSTRAINT_WEAK']",development
PHASE07-FULL-CADENCE:phase_scrambled_derd:0056,PHASE07-FULL-CADENCE,0,phase_scrambled_derd,1.0,1.3769586094691628,"['RESIDUE_SIGN_CONSTRAINT_FAILED', 'RESIDUE_PHASE_CONSTRAINT_WEAK']",holdout
PHASE07-FULL-CADENCE:generic_fourier:0057,PHASE07-FULL-CADENCE,0,generic_fourier,1.0,2.0609791575761056,['RESIDUE_PHASE_CONSTRAINT_WEAK'],holdout
PHASE07-FULL-CADENCE:phase_scrambled_derd:0058,PHASE07-FULL-CADENCE,0,phase_scrambled_derd,1.0,3.028171696868392,"['RESIDUE_SIGN_CONSTRAINT_FAILED', 'RESIDUE_PHASE_CONSTRAINT_WEAK']",development
PHASE07-FULL-CADENCE:generic_fourier:0059,PHASE07-FULL-CADENCE,0,generic_fourier,1.0,5.091627717006647,"['ROOT_OUTSIDE_PHYSICAL_Q_DOMAIN', 'RESIDUE_PHASE_CONSTRAINT_WEAK', 'AMPLITUDE_RATIO_EXTREME']",holdout
PHASE07-FULL-CADENCE:phase_scrambled_derd:0060,PHASE07-FULL-CADENCE,0,phase_scrambled_derd,1.0,2.0522503539365933,"['RESIDUE_SIGN_CONSTRAINT_FAILED', 'RESIDUE_PHASE_CONSTRAINT_WEAK']",development
PHASE07-FULL-CADENCE:generic_fourier:0061,PHASE07-FULL-CADENCE,0,generic_fourier,1.0,1.9626740781088132,"['RESIDUE_SIGN_CONSTRAINT_FAILED', 'RESIDUE_PHASE_CONSTRAINT_WEAK']",development
PHASE07-FULL-CADENCE:phase_scrambled_derd:0062,PHASE07-FULL-CADENCE,0,phase_scrambled_derd,1.0,5.206976504088873,"['ROOT_OUTSIDE_PHYSICAL_Q_DOMAIN', 'RESIDUE_SIGN_CONSTRAINT_FAILED', 'RESIDUE_PHASE_CONSTRAINT_WEAK', 'AMPLITUDE_RATIO_EXTREME']",development
PHASE07-FULL-CADENCE:generic_fourier:0063,PHASE07-FULL-CADENCE,0,generic_fourier,1.0,2.6897941770647633,"['RESIDUE_SIGN_CONSTRAINT_FAILED', 'RESIDUE_PHASE_CONSTRAINT_WEAK']",holdout
PHASE07-FULL-CADENCE:phase_scrambled_derd:0064,PHASE07-FULL-CADENCE,0,phase_scrambled_derd,1.0,5.269750317483678,"['ROOT_OUTSIDE_PHYSICAL_Q_DOMAIN', 'RESIDUE_PHASE_CONSTRAINT_WEAK', 'AMPLITUDE_RATIO_EXTREME']",development
PHASE07-FULL-CADENCE:generic_fourier:0065,PHASE07-FULL-CADENCE,0,generic_fourier,1.0,1.9076740255915,['RESIDUE_PHASE_CONSTRAINT_WEAK'],development
PHASE07-FULL-CADENCE:phase_scrambled_derd:0066,PHASE07-FULL-CADENCE,0,phase_scrambled_derd,1.0,1.0697517256803752,['RESIDUE_PHASE_CONSTRAINT_WEAK'],holdout
PHASE07-FULL-CADENCE:generic_fourier:0067,PHASE07-FULL-CADENCE,0,generic_fourier,1.0,2.915597964110155,"['RESIDUE_SIGN_CONSTRAINT_FAILED', 'RESIDUE_PHASE_CONSTRAINT_WEAK']",holdout
PHASE07-FULL-CADENCE:phase_scrambled_derd:0068,PHASE07-FULL-CADENCE,0,phase_scrambled_derd,1.0,1.744758885755725,"['RESIDUE_SIGN_CONSTRAINT_FAILED', 'RESIDUE_PHASE_CONSTRAINT_WEAK']",development
PHASE07-FULL-CADENCE:generic_fourier:0069,PHASE07-FULL-CADENCE,0,generic_fourier,1.0,2.9665334549345492,"['RESIDUE_SIGN_CONSTRAINT_FAILED', 'RESIDUE_PHASE_CONSTRAINT_WEAK']",development
PHASE07-FULL-CADENCE:phase_scrambled_derd:0070,PHASE07-FULL-CADENCE,0,phase_scrambled_derd,1.0,2.483999092509577,['RESIDUE_PHASE_CONSTRAINT_WEAK'],holdout
PHASE07-FULL-CADENCE:generic_fourier:0071,PHASE07-FULL-CADENCE,0,generic_fourier,1.0,3.639764439797387,"['ROOT_OUTSIDE_PHYSICAL_Q_DOMAIN', 'RESIDUE_PHASE_CONSTRAINT_WEAK', 'AMPLITUDE_RATIO_EXTREME']",development
PHASE07-FULL-CADENCE:phase_scrambled_derd:0072,PHASE07-FULL-CADENCE,0,phase_scrambled_derd,1.0,22.545909124993027,"['ROOT_OUTSIDE_PHYSICAL_Q_DOMAIN', 'RESIDUE_SIGN_CONSTRAINT_FAILED', 'RESIDUE_PHASE_CONSTRAINT_WEAK', 'AMPLITUDE_RATIO_EXTREME']",development
PHASE07-FULL-CADENCE:generic_fourier:0073,PHASE07-FULL-CADENCE,0,generic_fourier,1.0,5.238659560952774,"['ROOT_OUTSIDE_PHYSICAL_Q_DOMAIN', 'RESIDUE_SIGN_CONSTRAINT_FAILED', 'RESIDUE_PHASE_CONSTRAINT_WEAK', 'AMPLITUDE_RATIO_EXTREME']",development
PHASE07-FULL-CADENCE:phase_scrambled_derd:0074,PHASE07-FULL-CADENCE,0,phase_scrambled_derd,1.0,4.296064055618284,"['ROOT_OUTSIDE_PHYSICAL_Q_DOMAIN', 'RESIDUE_PHASE_CONSTRAINT_WEAK', 'AMPLITUDE_RATIO_EXTREME']",development
PHASE07-FULL-CADENCE:generic_fourier:0075,PHASE07-FULL-CADENCE,0,generic_fourier,1.0,2.579922374264573,"['RESIDUE_SIGN_CONSTRAINT_FAILED', 'RESIDUE_PHASE_CONSTRAINT_WEAK']",development
PHASE07-FULL-CADENCE:phase_scrambled_derd:0076,PHASE07-FULL-CADENCE,0,phase_scrambled_derd,1.0,1.9031244966345071,"['RESIDUE_SIGN_CONSTRAINT_FAILED', 'RESIDUE_PHASE_CONSTRAINT_WEAK']",holdout
PHASE07-FULL-CADENCE:generic_fourier:0077,PHASE07-FULL-CADENCE,0,generic_fourier,1.0,4.84726513440742,"['ROOT_OUTSIDE_PHYSICAL_Q_DOMAIN', 'RESIDUE_SIGN_CONSTRAINT_FAILED', 'RESIDUE_PHASE_CONSTRAINT_WEAK', 'AMPLITUDE_RATIO_EXTREME']",development
PHASE07-FULL-CADENCE:phase_scrambled_derd:0078,PHASE07-FULL-CADENCE,0,phase_scrambled_derd,1.0,2.053182203054544,"['RESIDUE_SIGN_CONSTRAINT_FAILED', 'RESIDUE_PHASE_CONSTRAINT_WEAK']",development
PHASE07-FULL-CADENCE:generic_fourier:0079,PHASE07-FULL-CADENCE,0,generic_fourier,1.0,2.2922295014964327,"['RESIDUE_SIGN_CONSTRAINT_FAILED', 'RESIDUE_PHASE_CONSTRAINT_WEAK']",development
PHASE07-FULL-CADENCE:phase_scrambled_derd:0080,PHASE07-FULL-CADENCE,0,phase_scrambled_derd,1.0,1.1821292610074103,"['RESIDUE_SIGN_CONSTRAINT_FAILED', 'RESIDUE_PHASE_CONSTRAINT_WEAK']",holdout
PHASE07-FULL-CADENCE:generic_fourier:0081,PHASE07-FULL-CADENCE,0,generic_fourier,1.0,6.6519312984443495,"['ROOT_OUTSIDE_PHYSICAL_Q_DOMAIN', 'RESIDUE_PHASE_CONSTRAINT_WEAK', 'AMPLITUDE_RATIO_EXTREME']",development
PHASE07-FULL-CADENCE:phase_scrambled_derd:0082,PHASE07-FULL-CADENCE,0,phase_scrambled_derd,1.0,3.205103242719351,['RESIDUE_PHASE_CONSTRAINT_WEAK'],holdout
PHASE07-FULL-CADENCE:generic_fourier:0083,PHASE07-FULL-CADENCE,0,generic_fourier,1.0,1.7463304893120453,['RESIDUE_PHASE_CONSTRAINT_WEAK'],development
PHASE07-FULL-CADENCE:phase_scrambled_derd:0084,PHASE07-FULL-CADENCE,0,phase_scrambled_derd,1.0,1.7594979790126042,['RESIDUE_PHASE_CONSTRAINT_WEAK'],development
PHASE07-FULL-CADENCE:generic_fourier:0085,PHASE07-FULL-CADENCE,0,generic_fourier,1.0,2.999679519347558,"['RESIDUE_SIGN_CONSTRAINT_FAILED', 'RESIDUE_PHASE_CONSTRAINT_WEAK']",development
PHASE07-FULL-CADENCE:phase_scrambled_derd:0086,PHASE07-FULL-CADENCE,0,phase_scrambled_derd,1.0,2.1745004864257464,"['RESIDUE_SIGN_CONSTRAINT_FAILED', 'RESIDUE_PHASE_CONSTRAINT_WEAK']",development
PHASE07-FULL-CADENCE:generic_fourier:0087,PHASE07-FULL-CADENCE,0,generic_fourier,1.0,3.2924825222269947,"['ROOT_OUTSIDE_PHYSICAL_Q_DOMAIN', 'RESIDUE_PHASE_CONSTRAINT_WEAK', 'AMPLITUDE_RATIO_EXTREME']",holdout
PHASE07-FULL-CADENCE:phase_scrambled_derd:0088,PHASE07-FULL-CADENCE,0,phase_scrambled_derd,1.0,1.7173397111867301,"['RESIDUE_SIGN_CONSTRAINT_FAILED', 'RESIDUE_PHASE_CONSTRAINT_WEAK']",development
PHASE07-FULL-CADENCE:generic_fourier:0089,PHASE07-FULL-CADENCE,0,generic_fourier,1.0,2.5083056434414805,"['RESIDUE_SIGN_CONSTRAINT_FAILED', 'RESIDUE_PHASE_CONSTRAINT_WEAK']",development
PHASE07-FULL-CADENCE:phase_scrambled_derd:0090,PHASE07-FULL-CADENCE,0,phase_scrambled_derd,1.0,1.1079423659489924,['RESIDUE_SIGN_CONSTRAINT_FAILED'],development
PHASE07-FULL-CADENCE:generic_fourier:0091,PHASE07-FULL-CADENCE,0,generic_fourier,1.0,5.733146321929262,"['ROOT_OUTSIDE_PHYSICAL_Q_DOMAIN', 'RESIDUE_PHASE_CONSTRAINT_WEAK', 'AMPLITUDE_RATIO_EXTREME']",development
PHASE07-FULL-CADENCE:phase_scrambled_derd:0092,PHASE07-FULL-CADENCE,0,phase_scrambled_derd,1.0,1.8298764756952397,"['RESIDUE_SIGN_CONSTRAINT_FAILED', 'RESIDUE_PHASE_CONSTRAINT_WEAK']",holdout
PHASE07-FULL-CADENCE:generic_fourier:0093,PHASE07-FULL-CADENCE,0,generic_fourier,1.0,9.054181480778077,"['ROOT_OUTSIDE_PHYSICAL_Q_DOMAIN', 'RESIDUE_SIGN_CONSTRAINT_FAILED', 'RESIDUE_PHASE_CONSTRAINT_WEAK', 'AMPLITUDE_RATIO_EXTREME']",development
PHASE07-FULL-CADENCE:phase_scrambled_derd:0094,PHASE07-FULL-CADENCE,0,phase_scrambled_derd,1.0,5.969153284340692,"['ROOT_OUTSIDE_PHYSICAL_Q_DOMAIN', 'RESIDUE_SIGN_CONSTRAINT_FAILED', 'RESIDUE_PHASE_CONSTRAINT_WEAK', 'AMPLITUDE_RATIO_EXTREME']",development
PHASE07-FULL-CADENCE:generic_fourier:0095,PHASE07-FULL-CADENCE,0,generic_fourier,1.0,4.054011328877589,"['ROOT_OUTSIDE_PHYSICAL_Q_DOMAIN', 'RESIDUE_SIGN_CONSTRAINT_FAILED', 'RESIDUE_PHASE_CONSTRAINT_WEAK', 'AMPLITUDE_RATIO_EXTREME']",development
PHASE07-FULL-CADENCE:phase_scrambled_derd:0096,PHASE07-FULL-CADENCE,0,phase_scrambled_derd,1.0,1.4964975581194917,"['RESIDUE_SIGN_CONSTRAINT_FAILED', 'RESIDUE_PHASE_CONSTRAINT_WEAK']",development
PHASE07-FULL-CADENCE:generic_fourier:0097,PHASE07-FULL-CADENCE,0,generic_fourier,1.0,3.5061375288660206,"['ROOT_OUTSIDE_PHYSICAL_Q_DOMAIN', 'RESIDUE_PHASE_CONSTRAINT_WEAK', 'AMPLITUDE_RATIO_EXTREME']",development
PHASE07-FULL-CADENCE:phase_scrambled_derd:0098,PHASE07-FULL-CADENCE,0,phase_scrambled_derd,1.0,2.6210483760226118,"['RESIDUE_SIGN_CONSTRAINT_FAILED', 'RESIDUE_PHASE_CONSTRAINT_WEAK']",holdout
PHASE07-FULL-CADENCE:generic_fourier:0099,PHASE07-FULL-CADENCE,0,generic_fourier,1.0,2.788479039531474,['RESIDUE_PHASE_CONSTRAINT_WEAK'],development
PHASE07-FULL-CADENCE:phase_scrambled_derd:0100,PHASE07-FULL-CADENCE,0,phase_scrambled_derd,1.0,1.8695586569637785,"['RESIDUE_SIGN_CONSTRAINT_FAILED', 'RESIDUE_PHASE_CONSTRAINT_WEAK']",development
PHASE07-FULL-CADENCE:generic_fourier:0101,PHASE07-FULL-CADENCE,0,generic_fourier,1.0,2.7524922446093907,"['RESIDUE_SIGN_CONSTRAINT_FAILED', 'RESIDUE_PHASE_CONSTRAINT_WEAK']",development
PHASE07-FULL-CADENCE:phase_scrambled_derd:0102,PHASE07-FULL-CADENCE,0,phase_scrambled_derd,1.0,2.650251991386357,"['RESIDUE_SIGN_CONSTRAINT_FAILED', 'RESIDUE_PHASE_CONSTRAINT_WEAK']",holdout
PHASE07-FULL-CADENCE:generic_fourier:0103,PHASE07-FULL-CADENCE,0,generic_fourier,1.0,2.0747101853880396,['RESIDUE_PHASE_CONSTRAINT_WEAK'],development
PHASE07-FULL-CADENCE:phase_scrambled_derd:0104,PHASE07-FULL-CADENCE,0,phase_scrambled_derd,1.0,55.159248533308684,"['ROOT_OUTSIDE_PHYSICAL_Q_DOMAIN', 'RESIDUE_PHASE_CONSTRAINT_WEAK', 'AMPLITUDE_RATIO_EXTREME']",development
PHASE07-FULL-CADENCE:generic_fourier:0105,PHASE07-FULL-CADENCE,0,generic_fourier,1.0,2.985115634648924,"['RESIDUE_SIGN_CONSTRAINT_FAILED', 'RESIDUE_PHASE_CONSTRAINT_WEAK']",holdout
PHASE07-FULL-CADENCE:phase_scrambled_derd:0106,PHASE07-FULL-CADENCE,0,phase_scrambled_derd,1.0,4.215548048561732,"['ROOT_OUTSIDE_PHYSICAL_Q_DOMAIN', 'RESIDUE_SIGN_CONSTRAINT_FAILED', 'RESIDUE_PHASE_CONSTRAINT_WEAK', 'AMPLITUDE_RATIO_EXTREME']",development
PHASE07-FULL-CADENCE:generic_fourier:0107,PHASE07-FULL-CADENCE,0,generic_fourier,1.0,2.866642043425881,"['RESIDUE_SIGN_CONSTRAINT_FAILED', 'RESIDUE_PHASE_CONSTRAINT_WEAK']",development
PHASE07-FULL-CADENCE:phase_scrambled_derd:0108,PHASE07-FULL-CADENCE,0,phase_scrambled_derd,1.0,1.5270842895113688,['RESIDUE_PHASE_CONSTRAINT_WEAK'],development
PHASE07-FULL-CADENCE:generic_fourier:0109,PHASE07-FULL-CADENCE,0,generic_fourier,1.0,9.713892827054385,"['ROOT_OUTSIDE_PHYSICAL_Q_DOMAIN', 'RESIDUE_SIGN_CONSTRAINT_FAILED', 'RESIDUE_PHASE_CONSTRAINT_WEAK', 'AMPLITUDE_RATIO_EXTREME']",development
PHASE07-FULL-CADENCE:phase_scrambled_derd:0110,PHASE07-FULL-CADENCE,0,phase_scrambled_derd,1.0,1.2689206069056205,"['RESIDUE_SIGN_CONSTRAINT_FAILED', 'RESIDUE_PHASE_CONSTRAINT_WEAK']",development
PHASE07-FULL-CADENCE:generic_fourier:0111,PHASE07-FULL-CADENCE,0,generic_fourier,1.0,2.7862255192815812,"['RESIDUE_SIGN_CONSTRAINT_FAILED', 'RESIDUE_PHASE_CONSTRAINT_WEAK']",development
PHASE07-FULL-CADENCE:phase_scrambled_derd:0112,PHASE07-FULL-CADENCE,0,phase_scrambled_derd,1.0,1.4909267608537087,"['RESIDUE_SIGN_CONSTRAINT_FAILED', 'RESIDUE_PHASE_CONSTRAINT_WEAK']",holdout
PHASE07-FULL-CADENCE:generic_fourier:0113,PHASE07-FULL-CADENCE,0,generic_fourier,1.0,2.80294618535736,"['RESIDUE_SIGN_CONSTRAINT_FAILED', 'RESIDUE_PHASE_CONSTRAINT_WEAK']",development
PHASE07-FULL-CADENCE:phase_scrambled_derd:0114,PHASE07-FULL-CADENCE,0,phase_scrambled_derd,1.0,27.281431490613425,"['ROOT_OUTSIDE_PHYSICAL_Q_DOMAIN', 'RESIDUE_SIGN_CONSTRAINT_FAILED', 'RESIDUE_PHASE_CONSTRAINT_WEAK', 'AMPLITUDE_RATIO_EXTREME']",holdout
PHASE07-FULL-CADENCE:generic_fourier:0115,PHASE07-FULL-CADENCE,0,generic_fourier,1.0,2.235505532500101,"['RESIDUE_SIGN_CONSTRAINT_FAILED', 'RESIDUE_PHASE_CONSTRAINT_WEAK']",development
PHASE07-FULL-CADENCE:phase_scrambled_derd:0116,PHASE07-FULL-CADENCE,0,phase_scrambled_derd,1.0,6.33655413060206,"['ROOT_OUTSIDE_PHYSICAL_Q_DOMAIN', 'RESIDUE_SIGN_CONSTRAINT_FAILED', 'RESIDUE_PHASE_CONSTRAINT_WEAK', 'AMPLITUDE_RATIO_EXTREME']",development
PHASE07-FULL-CADENCE:generic_fourier:0117,PHASE07-FULL-CADENCE,0,generic_fourier,1.0,4.653263886222111,"['ROOT_OUTSIDE_PHYSICAL_Q_DOMAIN', 'RESIDUE_SIGN_CONSTRAINT_FAILED', 'RESIDUE_PHASE_CONSTRAINT_WEAK', 'AMPLITUDE_RATIO_EXTREME']",holdout
PHASE07-FULL-CADENCE:phase_scrambled_derd:0118,PHASE07-FULL-CADENCE,0,phase_scrambled_derd,1.0,1.0407507285590791,['RESIDUE_PHASE_CONSTRAINT_WEAK'],holdout
PHASE07-FULL-CADENCE:generic_fourier:0119,PHASE07-FULL-CADENCE,0,generic_fourier,1.0,1.4119150158230271,['RESIDUE_PHASE_CONSTRAINT_WEAK'],holdout
PHASE07-FULL-CADENCE:phase_scrambled_derd:0120,PHASE07-FULL-CADENCE,0,phase_scrambled_derd,1.0,2.5205424674047547,['RESIDUE_PHASE_CONSTRAINT_WEAK'],holdout
PHASE07-FULL-CADENCE:generic_fourier:0121,PHASE07-FULL-CADENCE,0,generic_fourier,1.0,1.4883438765577062,['RESIDUE_PHASE_CONSTRAINT_WEAK'],development
PHASE07-FULL-CADENCE:phase_scrambled_derd:0122,PHASE07-FULL-CADENCE,0,phase_scrambled_derd,1.0,2.316606972916592,"['RESIDUE_SIGN_CONSTRAINT_FAILED', 'RESIDUE_PHASE_CONSTRAINT_WEAK']",development
PHASE07-FULL-CADENCE:generic_fourier:0123,PHASE07-FULL-CADENCE,0,generic_fourier,1.0,2.4519384248640477,"['RESIDUE_SIGN_CONSTRAINT_FAILED', 'RESIDUE_PHASE_CONSTRAINT_WEAK']",development
PHASE07-FULL-CADENCE:phase_scrambled_derd:0124,PHASE07-FULL-CADENCE,0,phase_scrambled_derd,1.0,2.025139705707003,"['RESIDUE_SIGN_CONSTRAINT_FAILED', 'RESIDUE_PHASE_CONSTRAINT_WEAK']",development
PHASE07-FULL-CADENCE:generic_fourier:0125,PHASE07-FULL-CADENCE,0,generic_fourier,1.0,2.070164851687953,['RESIDUE_PHASE_CONSTRAINT_WEAK'],development
PHASE07-FULL-CADENCE:phase_scrambled_derd:0126,PHASE07-FULL-CADENCE,0,phase_scrambled_derd,1.0,2.808863246780741,"['RESIDUE_SIGN_CONSTRAINT_FAILED', 'RESIDUE_PHASE_CONSTRAINT_WEAK']",development
PHASE07-FULL-CADENCE:generic_fourier:0127,PHASE07-FULL-CADENCE,0,generic_fourier,1.0,2.0140596896551815,['RESIDUE_PHASE_CONSTRAINT_WEAK'],development
PHASE07-FULL-CADENCE:phase_scrambled_derd:0128,PHASE07-FULL-CADENCE,0,phase_scrambled_derd,1.0,3.9200421904048923,"['ROOT_OUTSIDE_PHYSICAL_Q_DOMAIN', 'RESIDUE_SIGN_CONSTRAINT_FAILED', 'RESIDUE_PHASE_CONSTRAINT_WEAK', 'AMPLITUDE_RATIO_EXTREME']",development
PHASE07-FULL-CADENCE:generic_fourier:0129,PHASE07-FULL-CADENCE,0,generic_fourier,1.0,4.39342981645619,"['ROOT_OUTSIDE_PHYSICAL_Q_DOMAIN', 'RESIDUE_SIGN_CONSTRAINT_FAILED', 'RESIDUE_PHASE_CONSTRAINT_WEAK', 'AMPLITUDE_RATIO_EXTREME']",holdout
PHASE07-FULL-CADENCE:phase_scrambled_derd:0130,PHASE07-FULL-CADENCE,0,phase_scrambled_derd,1.0,1.5676298304095884,['RESIDUE_PHASE_CONSTRAINT_WEAK'],development
PHASE07-FULL-CADENCE:generic_fourier:0131,PHASE07-FULL-CADENCE,0,generic_fourier,1.0,3.097459152975728,['RESIDUE_PHASE_CONSTRAINT_WEAK'],development
PHASE07-FULL-CADENCE:phase_scrambled_derd:0132,PHASE07-FULL-CADENCE,0,phase_scrambled_derd,1.0,1.5918299498779782,"['RESIDUE_SIGN_CONSTRAINT_FAILED', 'RESIDUE_PHASE_CONSTRAINT_WEAK']",development
PHASE07-FULL-CADENCE:generic_fourier:0133,PHASE07-FULL-CADENCE,0,generic_fourier,1.0,2.604391424909471,['RESIDUE_PHASE_CONSTRAINT_WEAK'],development
PHASE07-FULL-CADENCE:phase_scrambled_derd:0134,PHASE07-FULL-CADENCE,0,phase_scrambled_derd,1.0,1.7920867792009885,"['RESIDUE_SIGN_CONSTRAINT_FAILED', 'RESIDUE_PHASE_CONSTRAINT_WEAK']",holdout
PHASE07-FULL-CADENCE:generic_fourier:0135,PHASE07-FULL-CADENCE,0,generic_fourier,1.0,5.9496124081830235,"['ROOT_OUTSIDE_PHYSICAL_Q_DOMAIN', 'RESIDUE_SIGN_CONSTRAINT_FAILED', 'RESIDUE_PHASE_CONSTRAINT_WEAK', 'AMPLITUDE_RATIO_EXTREME']",development
PHASE07-FULL-CADENCE:phase_scrambled_derd:0136,PHASE07-FULL-CADENCE,0,phase_scrambled_derd,1.0,1.9165074887802334,['RESIDUE_PHASE_CONSTRAINT_WEAK'],development
PHASE07-FULL-CADENCE:generic_fourier:0137,PHASE07-FULL-CADENCE,0,generic_fourier,1.0,2.6185774003965054,"['RESIDUE_SIGN_CONSTRAINT_FAILED', 'RESIDUE_PHASE_CONSTRAINT_WEAK']",holdout
PHASE07-FULL-CADENCE:phase_scrambled_derd:0138,PHASE07-FULL-CADENCE,0,phase_scrambled_derd,1.0,2.621667671033718,"['RESIDUE_SIGN_CONSTRAINT_FAILED', 'RESIDUE_PHASE_CONSTRAINT_WEAK']",development
PHASE07-FULL-CADENCE:generic_fourier:0139,PHASE07-FULL-CADENCE,0,generic_fourier,1.0,2.741738337186322,['RESIDUE_PHASE_CONSTRAINT_WEAK'],development
PHASE07-FULL-CADENCE:phase_scrambled_derd:0140,PHASE07-FULL-CADENCE,0,phase_scrambled_derd,1.0,1.9954318801757285,"['RESIDUE_SIGN_CONSTRAINT_FAILED', 'RESIDUE_PHASE_CONSTRAINT_WEAK']",development
PHASE07-FULL-CADENCE:generic_fourier:0141,PHASE07-FULL-CADENCE,0,generic_fourier,1.0,7.0076354624459825,"['ROOT_OUTSIDE_PHYSICAL_Q_DOMAIN', 'RESIDUE_PHASE_CONSTRAINT_WEAK', 'AMPLITUDE_RATIO_EXTREME']",holdout
PHASE07-FULL-CADENCE:phase_scrambled_derd:0142,PHASE07-FULL-CADENCE,0,phase_scrambled_derd,1.0,1.5183389176673874,['RESIDUE_SIGN_CONSTRAINT_FAILED'],development
PHASE07-FULL-CADENCE:generic_fourier:0143,PHASE07-FULL-CADENCE,0,generic_fourier,1.0,2.1803551839580164,['RESIDUE_PHASE_CONSTRAINT_WEAK'],development
PHASE07-FULL-CADENCE:phase_scrambled_derd:0144,PHASE07-FULL-CADENCE,0,phase_scrambled_derd,1.0,1.9158381797688293,"['RESIDUE_SIGN_CONSTRAINT_FAILED', 'RESIDUE_PHASE_CONSTRAINT_WEAK']",development
PHASE07-FULL-CADENCE:generic_fourier:0145,PHASE07-FULL-CADENCE,0,generic_fourier,1.0,2.2870484918487364,['RESIDUE_PHASE_CONSTRAINT_WEAK'],holdout
PHASE07-FULL-CADENCE:phase_scrambled_derd:0146,PHASE07-FULL-CADENCE,0,phase_scrambled_derd,1.0,1.9954521144871884,"['RESIDUE_SIGN_CONSTRAINT_FAILED', 'RESIDUE_PHASE_CONSTRAINT_WEAK']",development
PHASE07-FULL-CADENCE:generic_fourier:0147,PHASE07-FULL-CADENCE,0,generic_fourier,1.0,2.1584347507100294,['RESIDUE_PHASE_CONSTRAINT_WEAK'],development
PHASE07-FULL-CADENCE:phase_scrambled_derd:0148,PHASE07-FULL-CADENCE,0,phase_scrambled_derd,1.0,1.9969718736226287,['RESIDUE_PHASE_CONSTRAINT_WEAK'],holdout
PHASE07-FULL-CADENCE:generic_fourier:0149,PHASE07-FULL-CADENCE,0,generic_fourier,1.0,2.5737582542779323,"['RESIDUE_SIGN_CONSTRAINT_FAILED', 'RESIDUE_PHASE_CONSTRAINT_WEAK']",development
PHASE07-FULL-CADENCE:phase_scrambled_derd:0150,PHASE07-FULL-CADENCE,0,phase_scrambled_derd,1.0,2.0670242104726486,"['RESIDUE_SIGN_CONSTRAINT_FAILED', 'RESIDUE_PHASE_CONSTRAINT_WEAK']",development
PHASE07-FULL-CADENCE:generic_fourier:0151,PHASE07-FULL-CADENCE,0,generic_fourier,1.0,3.4686497971111896,"['ROOT_OUTSIDE_PHYSICAL_Q_DOMAIN', 'RESIDUE_PHASE_CONSTRAINT_WEAK', 'AMPLITUDE_RATIO_EXTREME']",development
PHASE07-FULL-CADENCE:phase_scrambled_derd:0152,PHASE07-FULL-CADENCE,0,phase_scrambled_derd,1.0,1.638501814923141,['RESIDUE_PHASE_CONSTRAINT_WEAK'],development
PHASE07-FULL-CADENCE:generic_fourier:0153,PHASE07-FULL-CADENCE,0,generic_fourier,1.0,3.1422273321213323,"['RESIDUE_SIGN_CONSTRAINT_FAILED', 'RESIDUE_PHASE_CONSTRAINT_WEAK']",development
PHASE07-FULL-CADENCE:phase_scrambled_derd:0154,PHASE07-FULL-CADENCE,0,phase_scrambled_derd,1.0,2.603884335118305,"['RESIDUE_SIGN_CONSTRAINT_FAILED', 'RESIDUE_PHASE_CONSTRAINT_WEAK']",holdout
PHASE07-FULL-CADENCE:generic_fourier:0155,PHASE07-FULL-CADENCE,0,generic_fourier,1.0,4.70673578511288,"['ROOT_OUTSIDE_PHYSICAL_Q_DOMAIN', 'RESIDUE_PHASE_CONSTRAINT_WEAK', 'AMPLITUDE_RATIO_EXTREME']",development
PHASE07-FULL-CADENCE:phase_scrambled_derd:0156,PHASE07-FULL-CADENCE,0,phase_scrambled_derd,1.0,3.005132744216924,"['RESIDUE_SIGN_CONSTRAINT_FAILED', 'RESIDUE_PHASE_CONSTRAINT_WEAK']",development
PHASE07-FULL-CADENCE:generic_fourier:0157,PHASE07-FULL-CADENCE,0,generic_fourier,1.0,8.169295022525048,"['ROOT_OUTSIDE_PHYSICAL_Q_DOMAIN', 'RESIDUE_SIGN_CONSTRAINT_FAILED', 'RESIDUE_PHASE_CONSTRAINT_WEAK', 'AMPLITUDE_RATIO_EXTREME']",development
PHASE07-FULL-CADENCE:phase_scrambled_derd:0158,PHASE07-FULL-CADENCE,0,phase_scrambled_derd,1.0,2.220992230174986,"['RESIDUE_SIGN_CONSTRAINT_FAILED', 'RESIDUE_PHASE_CONSTRAINT_WEAK']",development
PHASE07-FULL-CADENCE:generic_fourier:0159,PHASE07-FULL-CADENCE,0,generic_fourier,1.0,3.548251642693874,['RESIDUE_PHASE_CONSTRAINT_WEAK'],development
