observation_count,replicate,threshold,holdout_roc_auc,holdout_balanced_accuracy,holdout_sensitivity,holdout_specificity,development_roc_auc,development_balanced_accuracy
80,0,1.680633869349196,0.9619047619047619,0.8976190476190476,0.8666666666666667,0.9285714285714286,0.9625668449197861,0.910873440285205
80,1,1.6525858493379348,0.72265625,0.71875,0.625,0.8125,0.8251953125,0.796875
80,2,1.932811468848369,0.8235294117647058,0.7626050420168067,0.8823529411764706,0.6428571428571429,0.8946869070208728,0.8325426944971537
80,3,1.632026309909454,0.8571428571428571,0.7214285714285715,0.8,0.6428571428571429,0.7959001782531194,0.804367201426025
80,4,2.0319461241966947,0.6818181818181818,0.6227272727272727,0.7,0.5454545454545454,0.8278805120910384,0.8278805120910384
80,5,1.8298039489233604,0.8854166666666666,0.875,0.75,1.0,0.7473958333333334,0.7795138888888888
80,6,1.6039203546065615,0.9017857142857143,0.8616071428571428,0.7857142857142857,0.9375,0.8216911764705882,0.8363970588235294
80,7,1.8324720344539158,0.8875,0.8104166666666667,0.6875,0.9333333333333333,0.8475378787878788,0.7845643939393939
80,8,1.900943548293553,0.8333333333333334,0.75,0.9,0.6,0.8572567783094099,0.8038277511961722
80,9,1.896874642787672,0.8577777777777778,0.8333333333333334,0.8666666666666667,0.8,0.9146005509641874,0.8636363636363636
80,10,1.961036637325416,0.6666666666666666,0.717948717948718,0.6666666666666666,0.7692307692307693,0.8278388278388278,0.826007326007326
80,11,1.5474285842898923,0.6103896103896104,0.5681818181818181,0.5,0.6363636363636364,0.8895071542130366,0.8565182829888712
80,12,1.5747780181517106,0.8703703703703703,0.8611111111111112,0.7222222222222222,1.0,0.7592592592592593,0.7583333333333333
80,13,1.4662899747261038,0.8958333333333334,0.8333333333333333,0.6666666666666666,1.0,0.813301282051282,0.8461538461538461
80,14,1.8399174813405454,0.8632478632478633,0.8504273504273505,0.7777777777777778,0.9230769230769231,0.8578754578754578,0.8531135531135531
80,15,1.885503627471679,0.832579185520362,0.8348416289592759,0.8235294117647058,0.8461538461538461,0.7797235023041474,0.7889400921658987
80,16,2.0156979930378363,0.679144385026738,0.7486631016042781,0.5882352941176471,0.9090909090909091,0.8221447253705318,0.8112467306015694
80,17,1.6465998043701817,0.7261904761904762,0.7678571428571428,0.75,0.7857142857142857,0.8357843137254902,0.8022875816993464
80,18,1.8065693998994252,0.782608695652174,0.7841614906832298,0.7857142857142857,0.782608695652174,0.8411764705882353,0.831764705882353
80,19,1.9283315505754384,0.8021390374331551,0.8502673796791445,0.8181818181818182,0.8823529411764706,0.8849171752397559,0.8679163034001744
80,20,1.4903453451629487,0.7272727272727273,0.6233766233766234,0.42857142857142855,0.8181818181818182,0.7472178060413355,0.7388712241653419
80,21,1.8083478958307109,0.8838383838383839,0.8712121212121212,0.9090909090909091,0.8333333333333334,0.8252252252252252,0.8220720720720721
80,22,1.7941123199677715,0.8740740740740741,0.8777777777777778,0.8888888888888888,0.8666666666666667,0.8104118104118104,0.7657342657342657
80,23,1.8074222981861503,0.7857142857142857,0.7817460317460317,0.7777777777777778,0.7857142857142857,0.8386123680241327,0.803921568627451
120,0,1.5329041421991103,0.9242424242424242,0.9166666666666667,0.8333333333333334,1.0,0.8078078078078078,0.8066816816816818
120,1,1.2380654905308428,0.9375,0.8298611111111112,0.7222222222222222,0.9375,0.8072916666666666,0.8177083333333333
120,2,1.6207587445922247,0.8739495798319328,0.8697478991596639,0.8571428571428571,0.8823529411764706,0.8481973434535104,0.8135673624288424
120,3,0.976319409202732,0.9238095238095239,0.7,0.4,1.0,0.8253119429590018,0.8181818181818181
120,4,1.6287792910401355,0.8489583333333334,0.8333333333333333,0.75,0.9166666666666666,0.8372395833333334,0.84375
120,5,2.282781588386677,0.8321678321678322,0.7342657342657343,0.9230769230769231,0.5454545454545454,0.772972972972973,0.7505791505791506
120,6,1.6829991257936865,0.9126984126984127,0.7559523809523809,0.7619047619047619,0.75,0.8991769547325102,0.8472222222222222
120,7,1.4679787306226144,0.8571428571428571,0.6978021978021978,0.5384615384615384,0.8571428571428571,0.8873949579831932,0.8558823529411765
120,8,1.8668243127828008,0.9821428571428571,0.8973214285714286,0.9375,0.8571428571428571,0.8786764705882353,0.8492647058823529
120,9,1.7360616945390028,0.9007936507936508,0.8650793650793651,0.9444444444444444,0.7857142857142857,0.8578431372549019,0.8450980392156863
120,10,1.5622274431009182,0.865546218487395,0.7983193277310925,0.7142857142857143,0.8823529411764706,0.7561669829222012,0.74146110056926
120,11,1.7650422321663468,0.7346153846153847,0.7326923076923078,0.6153846153846154,0.85,0.9183673469387755,0.8678571428571429
120,12,1.4174027881479214,0.9358974358974359,0.842948717948718,0.7692307692307693,0.9166666666666666,0.8936507936507937,0.8162698412698413
120,13,1.3627019059356251,0.8111111111111111,0.788888888888889,0.7777777777777778,0.8,0.8,0.8196969696969697
120,14,2.1206432755493614,0.9519230769230769,0.8125,1.0,0.625,0.8214285714285714,0.8049107142857144
120,15,1.4027304217477958,0.9071428571428571,0.8571428571428572,0.7142857142857143,1.0,0.8813025210084033,0.8319327731092437
120,16,1.4014084410659113,0.8520408163265306,0.8571428571428572,0.7857142857142857,0.9285714285714286,0.773356401384083,0.7647058823529411
120,17,1.6298379133003547,0.6838235294117647,0.7003676470588236,0.5882352941176471,0.8125,0.9233870967741935,0.889616935483871
120,18,1.7132009544202713,0.8809523809523809,0.8174603174603174,0.7777777777777778,0.8571428571428571,0.8838612368024132,0.8348416289592759
120,19,1.5100526976079276,0.8492647058823529,0.8143382352941176,0.6875,0.9411764705882353,0.8639112903225806,0.826108870967742
120,20,2.012385256600435,0.8,0.7708333333333333,0.875,0.6666666666666666,0.8863636363636364,0.8314393939393939
120,21,1.918497727286702,0.9236111111111112,0.8298611111111112,0.9375,0.7222222222222222,0.8697916666666666,0.8229166666666667
120,22,1.4341093411646022,0.8380566801619433,0.791497975708502,0.7368421052631579,0.8461538461538461,0.8413793103448276,0.8334975369458129
120,23,1.8339058155103574,0.8974358974358975,0.8615384615384616,0.8,0.9230769230769231,0.922077922077922,0.8848484848484849
160,0,1.420595336995118,0.8397435897435898,0.8044871794871795,0.6923076923076923,0.9166666666666666,0.8626984126984127,0.8436507936507937
160,1,1.877577986634645,0.7653846153846153,0.7461538461538462,0.8,0.6923076923076923,0.7602040816326531,0.7928571428571429
160,2,1.4653377238475775,0.8857142857142857,0.7571428571428571,0.8,0.7142857142857143,0.9109907120743034,0.890092879256966
160,3,1.2286103795321237,0.8269896193771626,0.7647058823529411,0.7058823529411765,0.8235294117647058,0.8574401664932362,0.8548387096774193
160,4,1.4492052860030078,0.9212121212121213,0.8878787878787879,0.8666666666666667,0.9090909090909091,0.8746928746928747,0.8501228501228502
160,5,1.5606230580769056,0.65625,0.7708333333333333,0.625,0.9166666666666666,0.8395833333333333,0.8430555555555556
160,6,1.241292109210985,0.7564102564102564,0.7147435897435898,0.5833333333333334,0.8461538461538461,0.8928571428571429,0.8472222222222222
160,7,2.339000179577882,0.7045454545454546,0.6590909090909092,0.8181818181818182,0.5,0.8878378378378379,0.8469594594594595
160,8,1.4030617367842377,1.0,1.0,1.0,1.0,0.8165064102564102,0.7992788461538461
160,9,0.9683236878943675,0.9166666666666666,0.875,0.75,1.0,0.7626984126984127,0.7361111111111112
160,10,1.7077593779544848,0.9,0.8833333333333333,0.9,0.8666666666666667,0.8819776714513556,0.8624401913875598
160,11,1.3952665983299433,0.8782894736842105,0.7861842105263157,0.625,0.9473684210526315,0.7844827586206896,0.8265086206896552
160,12,1.2504709204081172,0.9230769230769231,0.8675213675213675,0.8461538461538461,0.8888888888888888,0.8476190476190476,0.8172161172161172
160,13,1.2574276377669587,0.9429824561403509,0.9057017543859649,0.8947368421052632,0.9166666666666666,0.8438697318007663,0.7859195402298851
160,14,1.5878326723407854,0.7424242424242424,0.6553030303030303,0.5833333333333334,0.7272727272727273,0.8611111111111112,0.8085585585585586
160,15,1.463942470204164,0.9453781512605042,0.8403361344537814,0.8235294117647058,0.8571428571428571,0.7523719165085389,0.7314990512333965
160,16,1.3541897300916337,0.6785714285714286,0.7202380952380952,0.5833333333333334,0.8571428571428571,0.755718954248366,0.7892156862745098
160,17,1.0587821281152314,0.8452380952380952,0.7142857142857143,0.42857142857142855,1.0,0.8098039215686275,0.8068627450980392
160,18,1.3644552104280878,0.8589743589743589,0.8782051282051282,0.8333333333333334,0.9230769230769231,0.9161904761904762,0.8857142857142857
160,19,1.5439245125290384,0.9305555555555556,0.7708333333333333,0.875,0.6666666666666666,0.875801282051282,0.8465544871794872
160,20,1.597606026893795,0.8866666666666667,0.8166666666666667,0.7333333333333333,0.9,0.8508771929824561,0.8584529505582137
160,21,1.6446097214234574,0.9236111111111112,0.7951388888888888,0.8125,0.7777777777777778,0.9391025641025641,0.9046474358974359
160,22,1.4630048867127807,0.8921568627450981,0.8300653594771241,0.7777777777777778,0.8823529411764706,0.8924731182795699,0.8354838709677419
160,23,1.6140302012062233,1.0,0.9545454545454546,0.9090909090909091,1.0,0.8122717311906501,0.7972972972972974
240,0,1.442683968350462,0.9230769230769231,0.8461538461538463,0.9230769230769231,0.7692307692307693,0.7959183673469388,0.7714285714285715
240,1,1.6169594106355332,0.8602941176470589,0.8161764705882353,0.8823529411764706,0.75,0.8608870967741935,0.8407258064516129
240,2,1.7059375337431766,0.9638009049773756,0.8733031674208145,0.9230769230769231,0.8235294117647058,0.9290322580645162,0.8566820276497695
240,3,1.5051922212031317,0.8116883116883117,0.775974025974026,0.6428571428571429,0.9090909090909091,0.9077901430842608,0.9117647058823529
240,4,1.2954575515159366,0.8125,0.7244318181818181,0.6363636363636364,0.8125,0.9011824324324325,0.8336148648648649
240,5,1.6822373953283873,0.8968253968253969,0.873015873015873,0.8888888888888888,0.8571428571428571,0.8679012345679012,0.8444444444444444
240,6,1.5922031906114054,0.925,0.9041666666666667,0.9333333333333333,0.875,0.8522727272727273,0.8783143939393939
240,7,1.8362773916073447,0.8810068649885584,0.7688787185354691,0.8421052631578947,0.6956521739130435,0.9075862068965517,0.8627586206896551
240,8,1.323789047553385,0.9191919191919192,0.8333333333333333,1.0,0.6666666666666666,0.9414414414414415,0.8855855855855856
240,9,1.6833354291440372,0.9251700680272109,0.8690476190476191,0.9523809523809523,0.7857142857142857,0.9389978213507625,0.9150326797385621
240,10,1.3424383965833886,0.8664772727272727,0.7840909090909092,0.75,0.8181818181818182,0.9146634615384616,0.8870192307692308
240,11,1.4691163016475943,0.924812030075188,0.8853383458646616,0.8421052631578947,0.9285714285714286,0.7991886409736308,0.8179513184584178
240,12,1.1248626264580706,0.7833333333333333,0.7083333333333333,0.5,0.9166666666666666,0.8245614035087719,0.7880116959064327
240,13,2.072654253846851,0.7863247863247863,0.7521367521367521,0.8888888888888888,0.6153846153846154,0.9304029304029304,0.8901098901098901
240,14,1.5100420475882612,0.84,0.85,0.7,1.0,0.9138755980861244,0.886762360446571
240,15,1.6517498699192772,0.78125,0.775,0.8,0.75,0.9194078947368421,0.8824013157894737
240,16,1.5349958304313003,0.8842105263157894,0.8210526315789474,0.8,0.8421052631578947,0.9147005444646098,0.8439201451905627
240,17,1.6053252684067187,0.9603174603174603,0.9285714285714286,1.0,0.8571428571428571,0.8536953242835595,0.8348416289592759
240,18,1.577944435512091,0.9068627450980392,0.7990196078431373,0.7647058823529411,0.8333333333333334,0.8772401433691757,0.8776881720430108
240,19,1.8484848361031299,0.8618421052631579,0.7384868421052632,0.7894736842105263,0.6875,0.8620689655172413,0.8200431034482758
240,20,1.3011441650606153,0.8277511961722488,0.8038277511961722,0.7894736842105263,0.8181818181818182,0.8835041938490215,0.8522833178005591
240,21,1.2748520269712214,0.7761904761904762,0.7214285714285715,0.6428571428571429,0.8,0.9233511586452763,0.8814616755793226
240,22,1.7265586425507045,0.9603174603174603,0.9365079365079365,0.9444444444444444,0.9285714285714286,0.8372549019607843,0.8245098039215686
240,23,1.2441409605889937,0.8974358974358975,0.9198717948717949,0.9166666666666666,0.9230769230769231,0.7968253968253968,0.7626984126984127
320,0,1.0596771931532256,0.8382352941176471,0.6813725490196079,0.5294117647058824,0.8333333333333334,0.796594982078853,0.7809139784946236
320,1,1.4580995368160816,0.8461538461538461,0.8782051282051282,0.8333333333333334,0.9230769230769231,0.8936507936507937,0.8317460317460317
320,2,1.5212369768669922,0.8947368421052632,0.8793859649122806,0.8421052631578947,0.9166666666666666,0.9233716475095786,0.8721264367816092
320,3,1.1788958740708018,0.8392857142857143,0.7035714285714285,0.55,0.8571428571428571,0.9422268907563025,0.9317226890756303
320,4,1.3613018724637638,0.9305555555555556,0.8472222222222222,0.9166666666666666,0.7777777777777778,0.9074074074074074,0.9111111111111111
320,5,1.8082000790785049,0.9411764705882353,0.8823529411764706,1.0,0.7647058823529411,0.9212523719165086,0.8913662239089184
320,6,1.477825878620992,0.8333333333333334,0.8555555555555556,0.7777777777777778,0.9333333333333333,0.9272727272727272,0.8696969696969697
320,7,1.3341791644819139,0.8838383838383839,0.797979797979798,0.7777777777777778,0.8181818181818182,0.7936936936936937,0.8324324324324325
320,8,2.118286318715011,0.859375,0.71875,0.9375,0.5,0.8949652777777778,0.8576388888888888
320,9,1.2425346416017213,0.9181818181818182,0.8545454545454545,0.8,0.9090909090909091,0.9025604551920341,0.8808677098150782
320,10,1.5981106499726971,0.793939393939394,0.7757575757575758,0.7333333333333333,0.8181818181818182,0.9254709254709255,0.8886158886158886
320,11,1.4577006011114595,0.9166666666666666,0.8083333333333333,0.8666666666666667,0.75,0.9006734006734006,0.8674242424242424
320,12,0.988306251994493,0.8375,0.79375,0.6875,0.9,0.9095394736842105,0.8330592105263157
320,13,1.4811885524342863,0.8928571428571429,0.8303571428571428,0.875,0.7857142857142857,0.9016544117647058,0.8483455882352942
320,14,1.4446804039175316,0.8256578947368421,0.837171052631579,0.7368421052631579,0.9375,0.9493534482758621,0.8981681034482758
320,15,1.4068893099048574,0.8061224489795918,0.7857142857142857,0.7142857142857143,0.8571428571428571,0.921090387374462,0.8949067431850789
320,16,1.036697475952685,0.8190045248868778,0.8235294117647058,0.6470588235294118,1.0,0.8829493087557604,0.8889400921658985
320,17,1.387338877571132,0.9282051282051282,0.8897435897435897,0.8461538461538461,0.9333333333333333,0.8935064935064935,0.8696969696969697
320,18,1.2474433559462952,0.8923076923076924,0.8128205128205128,0.6923076923076923,0.9333333333333333,0.8961038961038961,0.8411255411255412
320,19,1.3880364017273483,1.0,1.0,1.0,1.0,0.8406926406926407,0.8242424242424242
320,20,1.4798448345389241,0.8888888888888888,0.8,0.7333333333333333,0.8666666666666667,0.8953168044077136,0.8333333333333334
320,21,1.4289246006289187,0.9233333333333333,0.9083333333333333,0.8666666666666667,0.95,0.9166666666666666,0.9090909090909092
320,22,1.1615503396069828,0.8711111111111111,0.8333333333333333,0.6666666666666666,1.0,0.8466483011937558,0.7878787878787878
320,23,1.150786636522415,0.8976608187134503,0.8333333333333333,0.6666666666666666,1.0,0.864367816091954,0.832183908045977
372,0,1.5406650874697319,0.875,0.80625,0.8125,0.8,0.9386160714285714,0.9040178571428572
372,1,1.2189517046045708,0.9621848739495799,0.8529411764705883,0.7058823529411765,1.0,0.9222011385199241,0.9046489563567363
372,2,1.3472150433180459,0.9120879120879121,0.8873626373626373,0.8461538461538461,0.9285714285714286,0.873109243697479,0.8558823529411765
372,3,1.2917773514433497,0.8351648351648352,0.7472527472527473,0.5714285714285714,0.9230769230769231,0.9210084033613445,0.9117647058823529
372,4,1.2567287173821153,0.9508928571428571,0.9017857142857143,0.875,0.9285714285714286,0.9108455882352942,0.8612132352941176
372,5,1.0293167615047285,0.9166666666666666,0.8076923076923077,0.6153846153846154,1.0,0.8952380952380953,0.8436507936507937
372,6,1.2397273728991056,0.8894230769230769,0.7908653846153846,0.7692307692307693,0.8125,0.9008928571428572,0.853125
372,7,1.3520498685435967,0.9,0.8833333333333333,0.8333333333333334,0.9333333333333333,0.8888888888888888,0.8777056277056277
372,8,1.6930594289957084,0.8698224852071006,0.7692307692307693,0.7692307692307693,0.7692307692307693,0.8955102040816326,0.8571428571428571
372,9,1.1621256065053385,0.8074074074074075,0.7777777777777778,0.5555555555555556,1.0,0.8909090909090909,0.8712121212121212
372,10,1.1949488798578334,0.9914529914529915,0.8076923076923077,0.6153846153846154,1.0,0.8673992673992674,0.8472527472527474
372,11,2.0452965905438063,0.9360902255639098,0.8665413533834586,0.9473684210526315,0.7857142857142857,0.845841784989858,0.8133874239350912
372,12,1.2753079670043432,0.9688888888888889,0.9,0.8666666666666667,0.9333333333333333,0.9412304866850322,0.9090909090909092
372,13,1.60128185262755,0.9012345679012346,0.8333333333333333,0.8888888888888888,0.7777777777777778,0.9368836291913215,0.8974358974358975
372,14,1.5146991530343255,0.8690476190476191,0.8392857142857143,0.9285714285714286,0.75,0.9803921568627451,0.928921568627451
372,15,1.512653202949232,0.9444444444444444,0.8611111111111112,0.8333333333333334,0.8888888888888888,0.9307692307692308,0.9115384615384616
372,16,1.674863063436452,0.9375,0.84375,0.9375,0.75,0.94609375,0.890625
372,17,1.5100440601619098,0.8961038961038961,0.8636363636363636,0.7272727272727273,1.0,0.924483306836248,0.8712241653418125
372,18,1.7527796914281821,0.95,0.91875,0.9375,0.9,0.9736842105263158,0.9342105263157895
372,19,1.348299170252285,0.975,0.8729166666666667,0.8125,0.9333333333333333,0.9422348484848485,0.9076704545454546
372,20,1.4059386126915256,0.9393939393939394,0.9128787878787878,0.9166666666666666,0.9090909090909091,0.9076576576576577,0.8757507507507507
372,21,1.4328595621639157,0.9466666666666667,0.9083333333333333,0.95,0.8666666666666667,0.948051948051948,0.9161255411255411
372,22,1.5446803839762548,0.793233082706767,0.7612781954887218,0.7368421052631579,0.7857142857142857,0.8782961460446247,0.8427991886409736
372,23,1.1813833344951048,0.8933333333333333,0.7666666666666666,0.6,0.9333333333333333,0.9035087719298246,0.8927432216905902
